Peptide ID,Interacting peptide residues,Peptide sequence,Interacting receptor residues,Receptor sequence(s)
1cjr_A_B,"A: 1, 4, 5, 7, 8, 9, 10, 11, 12, 13, 14, 15, ",A: KETAAAKFERQHMDS,"B: 25, 29, 33, 34, 35, 41, 44, 45, 46, 47, 48, 49, 50, 51, 54, 55, 108, 116, 117, 118, 119, 120, ",B: NYCNQMMKSRNLTKDRCKPVNTFVHESLADVQAVCSQKNVACKNGQTNCYQSYSTMSITDCRETGSSKYPNCAYKTTQANKHIIVACEGNPYVPVHFDASV
1cka_B_A,"B: 1, 2, 3, 4, 5, 6, 7, 8, 9, ",B: PPPALPPKK,"A: 141, 142, 143, 147, 149, 150, 166, 167, 168, 169, 181, 183, 184, 185, 186, ",A: AEYVRALFDFNGNDEEDLPFKKGDILRIRDKPEEQWWNAEDSEGKRGMIPVPYVEKY
1cvu_F_B,"F: 2595, 2596, 2597, 2598, 2601, 2602, ",F: TKTATINAS,"B: 2561, 2565, 2566, 2569, 2570, 2574, 2575, ",B: ANPCCSNPCQNRGECMSTGFDQYKCDCTRTGFYGENCTTPEFLTRIKLLLKPTPNTVHYILTHFKGVWNIVNNIPFLRSLIMKYVLTSRSYLIDSPPTYNVHYGYKSWEAFSNLSYYTRALPPVADDCPTPMGVKGNKELPDSKEVLEKVLLRREFIPDPQGSNMMFAFFAQHFTAQFFKTDHKRGPGFTRGLGHGVDLNHIYGETLDRQHKLRLFKDGKLKYQVIGGEVYPPTVKDTQVEMIYPPHIPENLQFAVGQEVFGLVPGLMMYATIWLREHQRVCDILKQEHPEWGDEQLFQTSKLILIGETIKIVIEDYVQHLSGYHFKLKFDPELLFNQQFQYQNRIASEFNTLYHWHPLLPDTFNIEDQEYSFKQFLYNNSILLEHGLTQFVESFTRQIAGRVAGGRNVPIAVQAVAKASIDQSREMKYQSLNEYRKRFSLKPYTSFEELTGEKEMAAELKALYSDIDVMELYPALLVEKPRPDAIFGETMVELGAPFSLKGLMGNPICSPQYWKPSTFGGEVGFKIINTASIQSLICNNVKGCPFTSFNVQ
1d4t_B_A,"B: 277, 278, 279, 280, 281, 282, 283, 284, 285, 286, ",B: KSLTIYAQVQK,"A: 13, 17, 21, 32, 35, 42, 49, 50, 51, 52, 53, 54, 55, 66, 67, 68, 69, 70, 72, 73, 75, 87, 91, 92, 93, 94, ",A: MDAVAVYHGKISRETGEKLLLATGLDGSYLLRDSESVPGVYCLCVLYHGYIYTYRVSQTETGSWSAETAPGVHKRYFRKIKNLISAFQKPDQGIVIPLQYPVEK
1eg4_P_A,"P: 4, 5, 6, 7, 8, 9, 10, 11, 12, 13, ",P: NMTPYRSPPPYVP,"A: 66, 67, 68, 70, 72, 74, 75, 76, 79, 80, 81, 82, 83, 188, 189, 190, 191, 246, ",A: PASQHFLSTSVQGPWERAISPNKVPYYINHETQTTCWDHPKMTELYQSLADLNNVRFSAYRTAMKLRRLQKALCLDLLSLSAACDALDQHNLKQNDQPMDILQIINCLTTIYDRLEQEHNNLVNVPLCVDMCLNWLLNVYDTGRTGRIRVLSFKTGIISLCKAHLEDKYRYLFKQVASSTGFCDQRRLGLLLHDSIQIPRQLGEVASFGGSNIEPSVRSCFQFANNKPEIEAALFLDWMRLEPQSMVWLPVLHRVAAAET
1h6w_B_A,"B: 518, 519, 520, 521, 522, 523, 524, 525, 526, 527, ",B: SLNYIIKVKE,"A: 334, 337, 338, 341, 342, 343, 344, 345, 346, 347, 348, 349, 350, 351, 354, 357, 358, 359, 360, 361, 362, 363, 367, 371, 372, 374, 375, 379, 392, 393, 395, ",A: TGATLNGRGSTTSMRGVVKLTTTAGSQSGGDASSALAWNADVIHQRGGQTINGTLRINNTLTIASGGANITGTVNMTGGYIQGKRVVTQNEIDRTIPVGAIMMWAADSLPSDAWRFCHGGTVSASDCPLYASRIGTRYGGSSSNPGLPDMR
1hc9_C_A,"C: 1, 2, 3, 4, 5, 6, 7, 8, 10, 11, ",C: WRYYESSLLPYPD,"A: 6, 7, 8, 9, 10, 11, 27, 28, 30, 32, 35, 36, 37, 38, 39, 40, 68, 69, 70, 71, ",A: IVCHTTATSPISAVTCPPGENLCYRKMWCDVFCSSRGKVVELGCAATCPSKKPYEEVTCCSTDKCNPHPKQRPG
1jbu_X_H,"X: 1, 2, 3, 4, 5, 6, 7, 8, 9, 10, 11, 13, 14, 15, ",X: EEWEVLCWTWETCER,"H: 59, 60, 61, 62, 63, 64, 85, 86, 87, 88, 89, 90, 94, 96, 240, 241, 244, 247, 248, 249, 250, 251, 252, 253, 254, 255, ",H: KVCPKGECPWQVLLLVNGAQLCGGTLINTIWVVSAAHCFDKIKNWRNLIAVLGEHDHDGDEQSRRVAQVIIPSTYVPGTTNHDIALLRLHQPVVLTDHVVPLCLPERTFSERTLAFVRFSLVSGWTALELMVLNVPRLMTQDCLQQSRKVGDSPNITEYMFCAGYSDGSKDSCKGDSGGPHATHYRGTWYLTGIVSWGQGCATVGHFGVYTRVSQYIEWLQKLMRSEPRPGVLLRAPFP
1k5n_C_A,"C: 1, 2, 3, 4, 5, 6, 7, 8, 9, ",C: GRFAAAIAK,"A: 5, 7, 9, 24, 25, 26, 33, 34, 45, 59, 63, 66, 67, 70, 73, 74, 76, 77, 80, 81, 84, 95, 99, 116, 123, 142, 143, 146, 147, 152, 155, 156, 159, 163, 167, 171, ",A: GSHSMRYFHTSVSRPGRGEPRFITVGYVDDTLFVRFDSDAASPREEPRAPWIEQEGPEYWDRETQICKAKAQTDREDLRTLLRYYNQSEAGSHTLQNMYGCDVGPDGRLLRGYHQHAYDGKDYIALNEDLSSWTAADTAAQITQRKWEAARVAEQLRAYLEGECVEWLRRYLENGKETLQRADPPKTHVTHHPISDHEATLRCWALGFYPAEITLTWQRDGEDQTQDTELVETRPAGDRTFQKWAAVVVPSGEEQRYTCHVQHEGLPKPLTLRWEP
1mfg_B_A,"B: 1247, 1248, 1249, 1251, 1252, 1253, 1254, 1255, ",B: EYLGLDVPV,"A: 1287, 1290, 1291, 1292, 1293, 1294, 1295, 1296, 1302, 1303, 1304, 1305, 1316, 1317, 1351, 1354, 1355, ",A: GSMEIRVRVEKDPELGFSISGGVGGRGNPFRPDDDGIFVTRVQPEGPASKLLQPGDKIIQANGYSFINIEHGQAVSLLKTFQNTVELIIVREVSS
1nln_B_A,"B: 300, 301, 302, 303, 304, 305, 306, 307, 308, 309, 310, ",B: GVQSLKRRRCF,"A: 66, 70, 77, 88, 89, 92, 93, 96, 97, 102, 103, 104, 105, 106, 107, 108, 109, 110, 111, 112, 114, 141, 142, 147, 148, 150, 151, 152, ",A: GSSEQELKAIVKDLGCGPYFLGTYDKRFPGFVSPHKLACAIVNTAGRETGGVHWMAFAWNPRSKTCYLFEPFGFSDQRLKQVYQFEYESLLRRSAIASSPDRCITLEKSTQSVQGPNSAACGLFCCMFLHAFANWPQTPMDHNPTMNLITGVPNSMLNSPQVQPTLRRNQEQLYSFLERHSPYFRSHSAQIRSATSFCHLKNM
1nq7_B_A,"B: 687, 688, 689, 690, 691, 693, 694, 695, 696, ",B: HKILHRLLQE,"A: 271, 274, 275, 278, 283, 284, 288, 291, 292, 295, 296, 444, 445, 448, 449, ",A: TMSEIDRIAQNIIKSHLETCQYTMEELHQLAWQTHTYEEIKAYQSKSREALWQQCAIQITHAIQYVVEFAKRITGFMELCQNDQILLLKSGCLEVVLVRMCRAFNPLNNTVLFEGKYGGMQMFKALGSDDLVNEAFDFAKNLCSLQLTEEEIALFSSAVLISPDRAWLLEPRKVQKLQEKIYFALQHVIQKNHLDDETLAKLIAKIPTITAVCNLHGEKLQVFKQSHPDIVNTLFPPLYKELFN
1ntv_B_A,"B: 5, 6, 7, 8, 9, 10, 11, 12, 13, 14, ",B: NFDNPVYRKT,"A: 55, 56, 58, 110, 111, 112, 113, 114, 115, 116, 117, 118, 131, 132, 133, 136, 151, 154, 155, 158, 159, 161, 162, ",A: GQDRSEATLIKRFKGEGVRYKAKLIGIDEVSAARGDKLCQDSMMKLKGVVAGARSKGEHKQKIFLTISFGGIKIFDEKTGALQHHHAVHEISYIAKDITDHRAFGYVCGKEGNHRFVAIKTAQAAEPVILDLRDLFQLIYELKQREELEKKA
1nx1_C_A,"C: 601, 602, 603, 604, 605, 606, 607, 609, 610, 611, ",C: DAIDALSSDFT,"A: 99, 102, 105, 106, 121, 124, 125, 126, 128, 129, 131, 132, 162, 166, 169, 170, 173, 174, 177, 224, ",A: EEVRQFRRLFAQLAGDDMEVSATELMNILNKVVTRHPDLKTDGFGIDTCRSMVAVMDSDTTGKLGFEEFKYLWNNIKKWQAIYKQFDVDRSGTIGSSELPGAFEAAGFHLNEHLYSMIIRRYSDEGGNMDFDNFISCLVRLDAMFRAFKSLDKDGTGQIQVNIQEWLQLTMYS
1oai_B_A,"B: 13, 14, 15, 16, 17, 18, ",B: DSGFSFGSK,"A: 580, 584, 587, 588, 590, 591, 592, 593, 598, 602, 603, 606, 611, 612, 613, ",A: PTLSPEQQEMLQAFSTQSGMNLEWSQKCLQDNNWDYTRSAQAFTHLKAKGEIPEVAFMK
1oj5_B_A,"B: 795, 796, 797, 799, 802, 803, 805, 806, 808, ",B: LPPTEQDLTKLLLE,"A: 272, 273, 274, 275, 277, 288, 289, 292, 293, 296, 300, ",A: VESFMTKQDTTGKIISIDTSSLRAAGRTGWEDLVRKCIYAFFQPQGREPSYARQLFQEVMTRGTASSPSYRFILNDGTMLSAHTRCKLCYPMQPFIMGIHIIDRE
1ow6_F_C,"F: 2, 5, 6, 8, 9, 11, 12, ",F: TRELDELMASL,"C: 951, 954, 955, 958, 959, 961, 962, 965, 969, 991, 994, 998, 1001, 1002, ",C: ISPPPTANLDRSNDKVYENVTGLVKAVIEMSSKIQPAPPEEYVPMVKEVGLALRTLLATVDETIPLLPASTHREIEMAQKLLNSDLGELINKMKLAQQYVMTSLQQEYKKQMLTAAHALAVDAKNLLDVIDQARLKMLG
1pzl_B_A,"B: 7, 8, 9, 10, 11, 13, 14, 15, 17, 18, ",B: HKILHRLLQEGSPS,"A: 187, 190, 194, 199, 204, 205, 207, 208, 211, 212, 359, 360, 363, 364, 368, 369, ",A: LASLPSINALLQAEVLSRQITNGDIRAKKIASIADVCESMKEQLLVLVEWAKYIPAFCELPLDDQVALLRAHAGEHLLLGATKRSMVFKDVLLLGNDYIVPRHCPELAEMSRVSIRILDELVLPFQELQIDDNEYAYLKAIIFFDPDAKGLSDPGKIKRLRSQVQVSLEDYINDRQYDSRGRFGELLLLLPTLQSITWQMIEQIQFIKLFGMAKIDNLLQEMLLGGS
1qkz_P_H,"P: 1, 2, 3, 4, 5, 6, 7, 8, 9, 10, ",P: ANGGASGQVK,"H: 31, 32, 33, 35, 47, 50, 52, 58, 95, 96, 97, 98, 99, 100, ",H: DVKLVESGGGLVKPGRSLKLSCAASGFTFSDYYMFWVRQTPEQRLEWVATISDGGAYTYYPDSVKGRFTISRDNAKNNLYLQMNSLKSEDTGMYYCARDPLEYYGMDYWGQGTSVAVSSAKTTAPSVYPLAPVCGDTTGSSVTLGCLVKGYFPEPVTVTWNSGSLSSGVHTFPAVLQSDLYTLSSSVNVTSSTWPSQSITCNVAHPASSTKVDKKIVPR
1qkz_P_L,"P: 1, 2, 3, 4, 5, 6, 7, 8, 9, 10, ",P: ANGGASGQVK,"L: 27, 28, 32, 91, 92, 93, 94, 95, ",L: NIVMTQTPLSLPVSLGDQASISCRSSQSLVHSNGNTYLHWYLQKPGQSPKLLIYTVSNRFSGVPDRFSGSGSGTDFTLKISRVEAEDLGVYFCSQSTHFPTFGGGTKLEIKRADAAPTVSIFPPSSEQLTSGGASVVCFLNNFYPKDINVKWKIDGKERQNGVLNSWTDQDSTYSMSSTLTLTKDEYERHNSYTCEATHKTSTSPIVKSFNRNE
1rst_P_B,"P: 2, 3, 4, 5, 6, 7, 8, 9, ",P: AWRHPQFGG,"B: 25, 27, 43, 45, 54, 79, 84, 86, 88, 90, 92, 108, 110, 128, ",B: MEAGITGTWYNQLGSTFIVTAGADGALTGTYESAVGNAESRYVLTGRYDSAPATDGSGTALGWTVAWKNNYRNAHSATTWSGQYVGGAEARINTQWLLTSGTTEANAWKSTLVGHDTFTKVKP
1rxz_B_A,"B: 1, 2, 3, 4, 5, 6, 7, 8, 9, 10, 11, ",B: KSTQATLERWF,"A: 39, 42, 43, 44, 45, 46, 120, 121, 122, 123, 125, 151, 192, 194, 218, 219, 220, 237, 238, 239, 240, 241, 242, 243, 244, 245, ",A: MIDVIMTGELLKTVTRAIVALVSEARIHFLEKGLHSRAVDPANVAMVIVDIPKDSFEVYNIDEEKTIGVDMDRIFDISKSISTKDLVELIVEDESTLKVKFGSVEYKVALIDPSAIRKEPRIPELELPAKIVMDAGEFKKAIAAADKISDQVIFRSDKEGFRIEAKGDVDSIVFHMTETELIEFNGGEARSMFSVDYLKEFCKVAGSGDLLTIHLGTNYPVRLVFELVGGRAKVEYILAPRIESE
1sfi_I_A,"I: 1, 2, 3, 4, 5, 6, 7, 9, 10, 12, 14, ",I: GRCTKSIPPICFPD,"A: 39, 40, 41, 42, 57, 58, 96, 97, 98, 99, 151, 175, 189, 190, 191, 192, 193, 194, 195, 213, 214, 215, 216, 217, 219, 220, 226, 227, 228, ",A: IVGGYTCGANTVPYQVSLNSGYHFCGGSLINSQWVVSAAHCYKSGIQVRLGEDNINVVEGNEQFISASKSIVHPSYNSNTLNNDIMLIKLKSAASLNSRVASISLPTSCASAGTQCLISGWGNTKSSGTSYPDVLKCLKAPILSDSSCKSAYPGQITSNMFCAGYLEGGKDSCQGDSGGPVVCSGKLQGIVSWGSGCAQKNKPGVYTKVCNYVSWIKQTIASN
1ssh_B_A,"B: 2, 3, 4, 5, 6, 7, 8, 9, 10, 11, ",B: GPPPAMPARPT,"A: 10, 12, 15, 16, 19, 37, 38, 39, 40, 51, 53, 54, 55, 56, ",A: GSSPKAVALYSFAGEESGDLPFRKGDVITILKKSDSQNDWWTGRVNGREGIFPANYVELV
1t08_B_A,"B: 15, 18, 19, 22, 25, 26, 29, 30, 31, 32, 33, 34, 36, 37, ",B: GKSPEEMYIQQKVRVLLMLRKMGSNLTASEEEFLRTYAGVVNSQLS,"A: 578, 582, 612, 619, 620, 623, 625, 649, 650, 653, 654, 656, 657, 660, 661, 663, 664, ",A: AELATRAIPELTKLLNDEDQVVVNKAAVMVHQLSKKEASRHAIMRSPQMVSAIVRTMQNTNDVETARCTAGTLHNLSHHREGLLAIFKSGGIPALVKMLGSPVDSVLFYAITTLHNLLLHQEGAKMAVRLAGGLQKMVALLNKTNVKFLAITTDCLQILAYGNQESKLIILASGGPQALVNIMRTYTYEKLLWTTSRVLKVLSVCSSNKPAIVEAGGMQALGLHLTDPSQRLVQNCLWTLRNLSDAATKQEGMEGLLGTLVQLLGSDDINVVTCAAGILSNLTCNNYKNKMMVCQVGGIEALVRTVLRAGDREDITEPAICALRHLTSRHQEAEMAQNAVRLHYGLPVVVKLLHPPSHWPLIKATVGLIRNLALCPANHAPLREQGAIPRLVQLLVRAHQDTQRQFVEGVRMEEIVEGCTGALHILARDVHNRIVIRGLNTIPLFVQLLYSPIENIQRVAAGVLCELAQDKEAAEAIEAEGATAPLTELLHSRNEGVATYAAAVLFRMSE
1t08_C_A,"C: 1484, 1485, 1486, 1487, 1488, 1489, 1490, 1491, 1492, 1493, 1494, 1495, 1496, 1497, ",C: DADTLLHFATESTPD,"A: 305, 306, 307, 308, 312, 345, 346, 348, 349, 354, 383, 386, 387, 389, 390, 393, 415, 422, 425, 426, 428, 429, 430, 431, 435, 462, 463, 466, 469, 470, 473, 474, 512, 515, 571, ",A: AELATRAIPELTKLLNDEDQVVVNKAAVMVHQLSKKEASRHAIMRSPQMVSAIVRTMQNTNDVETARCTAGTLHNLSHHREGLLAIFKSGGIPALVKMLGSPVDSVLFYAITTLHNLLLHQEGAKMAVRLAGGLQKMVALLNKTNVKFLAITTDCLQILAYGNQESKLIILASGGPQALVNIMRTYTYEKLLWTTSRVLKVLSVCSSNKPAIVEAGGMQALGLHLTDPSQRLVQNCLWTLRNLSDAATKQEGMEGLLGTLVQLLGSDDINVVTCAAGILSNLTCNNYKNKMMVCQVGGIEALVRTVLRAGDREDITEPAICALRHLTSRHQEAEMAQNAVRLHYGLPVVVKLLHPPSHWPLIKATVGLIRNLALCPANHAPLREQGAIPRLVQLLVRAHQDTQRQFVEGVRMEEIVEGCTGALHILARDVHNRIVIRGLNTIPLFVQLLYSPIENIQRVAAGVLCELAQDKEAAEAIEAEGATAPLTELLHSRNEGVATYAAAVLFRMSE
1t4f_P_M,"P: 18, 19, 20, 22, 23, 25, 26, ",P: RFMDYWEGL,"M: 54, 55, 57, 58, 59, 61, 62, 67, 72, 73, 75, 91, 93, 94, 96, 99, 100, ",M: EQETLVRPKPLLLKLLKSVGAQKDTYTMKEVLFYLGQYIMTKRLYDEKQQHIVYCSNDLLGDLFGVPSFSVKEHRKIYTMIYRNLVVV
1t7r_B_A,"B: 98, 99, 100, 101, 102, 104, 105, 106, 107, ",B: SSRFESLFAG,"A: 712, 713, 716, 720, 725, 730, 733, 734, 737, 738, 893, 894, 897, 898, 901, 902, ",A: CQPIFLNVLEAIEPGVVCAGHDNNQPDSFAALLSSLNELGERQLVHVVKWAKALPGFRNLHVDDQMAVIQYSWMGLMVFAMGWRSFTNVNSRMLYFAPDLVFNEYRMHKSRMYSQCVRMRHLSQEFGWLQITPQEFLCMKALLLFSIIPVDGLKNQKFFDELRMNYIKELDRIIACKRKNPTSCSRRFYQLTKLLDSVQPIARELHQFTFDLLIKSHMVSVDFPEMMAEIISVQVPKILSGKVKPIYFHT
1tfc_C_A,"C: 687, 688, 689, 690, 691, 693, 694, 695, 696, 697, ",C: HKILHRLLQEG,"A: 277, 280, 284, 289, 294, 297, 298, 301, 302, 448, 449, 452, 453, ",A: PYNKIVSHLLVAEPEKIYAMPDPTVPDSDIKALTTLCDLADRELVVIIGWAKHIPGFSTLSLADQMSLLQSAWMEILILGVVYRSLSFEDELVYADDYIMDEDQSKLAGLLDLNNAILQLVKKYKSMKLEKEEFVTLKAIALANSDSMHIEDVEAVQKLQDVLHEALQDYEAGQHMEDPRRAGKMLMTLPLLRQTSTKAVQHFYNIKLEGKVPMHKLFLEMLEAKV
1u00_P_A,"P: 98, 99, 100, 101, 102, 103, 104, 105, ",P: ELPPVKIHC,"A: 398, 399, 400, 401, 406, 421, 422, 423, 424, 425, 426, 427, 430, 432, 433, 434, 435, 455, 457, 467, 468, 527, 531, ",A: MDVIPLSLGLETMGGLVEKVIPRNTTIPVARAQDFTTFKDGQTAMSIHVMQGERELVQDCRSLARFALRGIPALPAGGAHIRVTFQVDADGLLSVTAMEKSTGVEASIQVKPSYGLTDSEIASMIKDSMSYAEQDVKARMLAEQKVEAARVLESLHGALAADAALLSAAERQVIDDAAAHLSEVAQGDDVDAIEQAIKNVDKQTQDFAARRMDQSVRRALKGHSVDE
1uj0_B_A,"B: 699, 700, 701, 702, 703, 704, 706, 707, ",B: TPMVNRENK,"A: 211, 212, 213, 214, 216, 217, 219, 220, 236, 238, 239, 250, 252, 254, 255, ",A: MARRVRALYDFEAVEDNELTFKHGELITVLDDSDANWWQGENHRGTGLFPSNFVTTDL
1x2r_B_A,"B: 76, 77, 78, 79, 80, 81, 82, 83, 84, ",B: LDEETGEFL,"A: 334, 336, 338, 363, 364, 380, 382, 387, 415, 461, 478, 483, 508, 509, 525, 530, 555, 556, 572, 574, 577, 602, ",A: VGRLIYTAGGYFRQSLSYLEAYNPSNGSWLRLADLQVPRSGLAGCVVGGLLYAVGGRNNSPDGNTDSSALDCYNPMTNQWSPCASMSVPRNRIGVGVIDGHIYAVGGSHGCIHHSSVERYEPERDEWHLVAPMLTRRIGVGVAVLNRLLYAVGGFDGTNRLNSAECYYPERNEWRMITPMNTIRSGAGVCVLHNCIYAAGGYDGQDQLNSVERYDVETETWTFVAPMRHHRSALGITVHQGKIYVLGGYDGHTFLDSVECYDPDSDTWSEVTRMTSGRSGVGVAVTMEPC
1xoc_B_A,"B: 1, 2, 3, 4, 5, 6, 7, 8, 9, ",B: VDSKNTSSW,"A: 29, 30, 41, 42, 43, 46, 59, 119, 122, 150, 151, 154, 155, 241, 263, 265, 267, 268, 301, 367, 370, 372, 373, 398, 402, 405, 406, 417, 418, 419, 420, 421, 422, 423, 424, 429, 430, 440, 442, 487, 489, 490, 491, 507, 508, 509, ",A: KPQQGGDLVVGSIGEPTLFNSLYSTDDASTDIENMLYSFLTKTDEKLNVKLSLAESIKELDGGLAYDVKIKKGVKFHDGKELTADDVVFTYSVPLSKDYKGERGSTYEMLKSVEKKGDYEVLFKLKYKDGNFYNNALDSTAILPKHILGNVPIADLEENEFNRKKPIGSGPFKFKEWKQGQYIKLEANDDYFEGRPYLDTVTYKVIPDANAAEAQLQAGDINFFNVPATDYKTAEKFNNLKIVTDLALSYVYIGWNEKNELFKDKKVRQALTTALDRESIVSQVLDGDGEVAYIPESPLSWNYPKDIDVPKFEYNEKKAKQMLAEAGWKDTNGDGILDKDGKKFSFTLKTNQGNKVREDIAVVVQEQLKKIGIEVKTQIVEWSALVEQMNPPNWDFDAMVMGWSLSTFPDQYDIFHSSQIKKGLNYVWYKNAEADKLMKDAKSISDRKQYSKEYEQIYQKIAEDQPYTFLYYPNNHMAMPENLEGYKYHPKRDLYNIEKWWLAK
1ymt_B_A,"B: 19, 20, 21, 22, 24, 25, 26, ",B: RPTILYALLS,"A: 274, 275, 278, 282, 287, 292, 295, 296, 299, 300, 450, 451, 452, 455, 456, ",A: GSSGGPNVPELILQLLQLEPEEDQVRARIVGCLQQPAPFSLLCRMADQTFISIVDWARRCMVFKELEVADQMTLLQNSWSELLVLDHIYRQVQYGKEDSILLVTGQEVELSTVAVQAGSLLHSLVLRAQELVLQLHALQLDRQEFVCLKFLILFSLDVKFLNNHSLVKDAQEKANAALLDYTLSHYPHSGDKFQQLLLSLVEVRALSMQAKEYLYHKHLGNEMPRNNLLIEMLQA
1yuc_C_A,"C: 17, 18, 19, 20, 21, 22, 24, 25, 26, 27, 28, ",C: ASRPAILYALLSSS,"A: 354, 357, 361, 366, 371, 372, 374, 375, 378, 379, 529, 530, 531, 534, 535, 538, ",A: ASIPHLILELLKCEPDEPQVQAKIMAYLQQEQANRSKHEKLSTFGLMCKMADQTLFSIVEWARSSIFFRELKVDDQMKLLQNCWSELLILDHIYRQVVHGKEGSIFLVTGQQVDYSIIASQAGATLNNLMSHAQELVAKLRSLQFDQREFVCLKFLVLFSLDVKNLENFQLVEGVQEQVNAALLDYTMCNYPQQTEKFGQLLLRLPEIRAISMQAEEYLYYKHLNGDVPYNNLLIEMLHA
1ywo_P_A,"P: 1, 2, 3, 4, 5, 6, 7, 8, ",P: QPPVPPQRPM,"A: 11, 13, 16, 17, 19, 20, 37, 38, 39, 51, 53, 55, 56, ",A: SAVKALFDYKAQREDELTFTKSAIIQNVEKQDGGWWRGDYGGKKQLWFPSNYVEE
2a25_B_A,"B: 59, 60, 61, 62, 63, 64, 65, 66, 67, ",B: KPAAVVAPI,"A: 156, 158, 159, 160, 162, 163, 164, 165, 166, 167, 168, 169, 176, 177, 178, 179, 180, 276, ",A: PYSCPCPSCKWQGSLDAVMPHLMHQHKSITTLQGEDIVFLATDINVDWVMMQSCFGFHFMLVLEKQQQFFAIVQLIGTRKQAENFAYRLELNGHRRRLTWEATPRSIHEGIATAIMNSDCLVFDTSIAQLFAENGNLGINVTISMC
2a3i_B_A,"B: 1433, 1434, 1435, 1436, 1437, 1438, 1439, 1440, 1441, ",B: QQKSLLQQLLTE,"A: 777, 778, 781, 782, 785, 790, 795, 798, 799, 802, 803, 958, 959, 962, 963, ",A: RALTPSPVMVLENIEPEIVYAGYDSSKPDTAENLLSTLNRLAGKQMIQVVKWAKVLPGFKNLPLEDQITLIQYSWMSLSSFALSWRSYKHTNSQFLYFAPDLVFNEEKMHQSAMYELCQGMHQISLQFVRLQLTFEEYTIMKVLLLLSTIPKDGLKSQAAFEEMRTNYIKELRKMVTKCPNNSGQSWQRFYQLTKLLDSMHDLVSDLLEFCFYTFRESHALKVEFPAMLVEIISDQLPKVESGNAKPLYFHRK
2aq9_X_A,"X: 5, 6, 7, 9, 10, 12, 14, 15, ",X: WMLDPIAGKWSR,"A: 75, 122, 140, 141, 142, 158, 160, 161, 178, 191, 258, ",A: MIDKSAFVHPTAIVEEGASIGANAHIGPFCIVGPHVEIGEGTVLKSHVVVNGHTKIGRDNEIYQFASIGEVNQDLKYAGEPTRVEIGDRNRIRESVTIHRGTVQGGGLTKVGSDNLLMINAHIAHDCTVGNRCILANNATLAGHVSVDDFAIIGGMTAVHQFCIIGAHVMVGGCSGVAQDVPPYVIAQGNHATPFGVNIEGLKRRGFSREAITAIRNAYKLIYRSGKTLDEVKPEIAELAETYPEVKAFTDFFARSTRGLIR
2b9h_C_A,"C: 9, 10, 11, 12, 13, 15, 16, 17, 18, 19, ",C: RRNLKGLNLNLH,"A: 69, 97, 98, 103, 107, 109, 110, 112, 113, 116, 117, 119, 123, 145, 146, 147, 148, 149, 311, 312, 313, 314, 317, 318, ",A: MPKRIVYNISSDFQLKSLLGEGAYGVVCSATHKPTGEIVAIKKIEPFDKPLFALRTLREIKILKHFKHENIITIFNIQRPDSFENFNEVYIIQELMQTDLHRVISTQMLSDDHIQYFIYQTLRAVKVLHGSNVIHRDLKPSNLLINSNCDLKVCDFGLARIIDVEFVATRWYRAPEVMLTSAKYSRAMDVWSCGCILAELFLRRPIFPGRDYRHQLLLIFGIIGTPHSDNDLRCIESPRAREYIKSLPMYPAAPLEKMFPRVNPKGIDLLQRMLVFDPAKRITAKEALEHPYLQTYHDPNDEPEGEPIPPSFFEFDHYKEALTTKDLKKLIWNEIFS
2bba_P_A,"P: 251, 252, 253, 254, 255, 257, 258, 259, 260, 261, 262, 263, 264, ",P: NYLFSPNGPIARAW,"A: 43, 45, 46, 47, 48, 57, 59, 60, 61, 93, 95, 99, 100, 101, 147, 149, 155, 156, 157, 158, 159, 184, 185, 186, 188, ",A: HHHHHEETLLNTKLETADLKWVTFPQVDGQWEELSGLDEEQHSVRTYEVCDVQRAPGQAHWLRTGWVPRRGAVHVYATLRFTMLECLSLPRAGRSCKETFTVFYYESDADTATALTPAWMENPYIKVDTVAAEHLTRKRPGAEATGKVNVKTLRLGPLSKAGFYLAFQDQGACMALLSLHLFYKK
2cch_E_B,"E: 1, 2, 3, 4, 5, 6, 7, 8, 9, 10, 11, 12, ",E: HTLKGRRLVFDN,"B: 210, 213, 214, 217, 220, 221, 224, 225, 250, 253, 254, 277, 280, 281, 282, 283, 285, ",B: NEVPDYHEDIHTYLREMEVKCKPKVGYMKKQPDITNSMRAILVDWLVEVGEEYKLQNETLHLAVNYIDRFLSSMSVLRGKLQLVGTAAMLLASKFEEIYPPEVAEFVYITDDTYTKKQVLRMEHLVLKVLTFDLAAPTVNQFLTQYFLHQQPANCKVESLAMFLGELSLIDADPYLKYLPSVIAGAAFHLALYTVTGQSWPESLIRKTGYTLESLKPCLMDLHQTYLKAPQHAQQSIREKYKNSKYHGVSLLNPPETLNL
2ce8_X_A,"X: 1, 2, 3, 4, 5, 7, 8, ",X: MFSIDNILA,"A: 486, 488, 532, 534, 550, 578, 594, 617, 618, 620, 636, 659, 661, 702, 718, 741, 743, 759, ",A: DYFQGAMGSKPAYSFHVTADGQMQPVPFPPDALIGPGIPRHARQINTLNHGEVVCAVTISNPTRHVYTGGKGCVKVWDISHPGNKSPVSQLDCLNRDNYIRSCKLLPDGCTLIVGGEASTLSIWDLAAPTPRIKAELTSSAPACYALAISPDSKVCFSCCSDGNIAVWDLHNQTLVRQFQGHTDGASCIDISNDGTKLWTGGLDNTVRSWDLREGRQLQQHDFTSQIFSLGYCPTGEWLAVGMESSNVEVLHVNKPDKYQLHLHESCVLSLKFAYCGKWFVSTGKDNLLNAWRTPYGASIFQSKESSSVLSCDISVDDKYIVTGSGDKKATVYEVIY
2d0n_B_A,"B: 233, 234, 235, 236, 237, 239, 240, 241, ",B: PSIDRSTKP,"A: 272, 274, 275, 276, 277, 278, 280, 281, 297, 299, 300, 311, 313, 315, 316, ",A: GSPWARALYDFEALEEDELGFRSGEVVEVLDSSNPSWWTGRLHNKLGLFPANYVAPMMR
2d0n_B_C,"B: 233, 234, 235, 236, 237, 239, 240, 241, ",B: PSIDRSTKP,"C: 291, 293, 304, ",C: PWARALYDFEALEEDELGFRSGEVVEVLDSSNPSWWTGRLHNKLGLFPANYVAPMM
2drk_B_A,"B: 1, 2, 3, 4, 5, 6, 7, 8, 9, ",B: RPKPVPPPRG,"A: 10, 11, 12, 13, 16, 17, 20, 25, 37, 38, 39, 52, 54, 55, ",A: GSPGIQVKALYDYDAQTGDELTFKEGDTIIVHQKDPAGWWEGELNGKRGWVPANYVQDI
2dyp_C_A,"C: 1, 2, 3, 4, 5, 6, 7, 8, 9, ",C: RIIPRHLQL,"A: 5, 7, 9, 22, 33, 45, 59, 62, 63, 65, 66, 67, 69, 70, 73, 74, 77, 80, 81, 84, 95, 97, 99, 114, 116, 123, 124, 133, 143, 146, 147, 152, 155, 156, 159, 163, 167, 171, ",A: SHSMRYFSAAVSRPGRGEPRFIAMGYVDDTQFVRFDSDSASPRMEPRAPWVEQEGPEYWEEETRNTKAHAQTDRMNLQTLRGYYNQSEASSHTLQWMIGCDLGSDGRLLRGYEQYAYDGKDYLALNEDLRSWTAADTAAQISKRKCEAANVAEQRRAYLEGTCVEWLHRYLENGKEMLQRADPPKTHVTHHPVFDYEATLRCWALGFYPAEIILTWQRDGEDQTQDVELVETRPAGDGTFQKWAAVVVPSGEEQRYTCHVQHEGLPEPLMLRWKQ
2fff_A_B,"A: 105, 106, 107, 108, 109, 110, 111, 112, 113, 116, 117, 118, 119, ",A: ISEITYSDGTVIASI,"B: 339, 340, 343, 344, 382, 383, 384, 386, 387, 388, 389, 390, 391, 392, 393, 394, 395, 396, 399, ",B: DYLYFTTLAEAQERMYDYLAQRDNVSAKELKNEATQKFYRDLAAKEIENGGYKITTTIDQKIHSAMQSAVADYGYLLDDGTGRVEVGNVLMDNQTGAILGFVGGRNYQENQNNHAFDTKRSPASTTKPLLAYGIAIDQGLMGSETILSNYPTNFANGNPIMYANSKGTGMMTLGEALNYSWNIPAYWTYRMLRENGVDVKGYMEKMGYEIPEYGIESLPMGGGIEVTVAQHTNGYQTLANNGVYHQKHVISKIEAADGRVVYEYQDKPVQVYSKATATIMQGLLREVLSSRVTTTFKSNLTSLNPTLANADWIGKTGTTNQDENMWLMLSTPRLTLGGWIGHDDNHSLSRRAGYSNNSNYMAHLVNAIQQASPSIWGNERFALDPSVVKSEVLKSTGQKPGKVSVEGKEVEVTGSTVTSYWANKSGAPATSYRFAIGGSDADYQNAWSSIVGS
2ffu_P_A,"P: 5, 6, 7, 8, 9, 10, 11, 12, 13, ",P: STTPAPTTK,"A: 253, 255, 264, 265, 266, 267, 270, 280, 281, 282, 307, 331, 361, 362, 363, 364, 365, ",A: KVRWPDFNQEAYVGGTMVRSGQDPYARNKFNQVESDKLRMDRAIPDTRHDQCQRKQWRVDLPATSVVITFHNEARSALLRTVVSVLKKSPPHLIKEIILVDDYSNDPEDGALLGKIEKVRVLRNDRREGLMRSRVRGADAAQAKVLTFLDSHCECNEHWLEPLLERVAEDRTRVVSPIIDVINMDNFQYVGASADLKGGFDWNLVFKWDYMTPEQRRSRQGNPVAPIKTPMIAGGLFVMDKFYFEELGKYDMMMDVWGGENLEISFRVWQCGGSLEIIPCSRVGHVFRKQHPYTFPGGSGTVFARNTRRAAEVWMDEYKNFYYAAVPSARNVPYGNIQSRLELRKKLSCKPFKWYLENVYPELRVPDHQDIAFGALQQGTNCLDTLGHFADGVVGVYECHNAGGNQEWALTKEKSVKHMDLCLTVVDRAPGSLIKLQGCRENDSRQKWEQIEGNSKLRHVGSNLCLDSRTAKSGGLSVEVCGPALSQQWKFTLN
2fka_B_A,"B: 205, 208, 209, 212, 213, 214, ",B: VDDLLDSLGF,"A: 90, 92, 95, 96, 98, 99, 103, 104, 105, 106, 119, 122, ",A: ADKELKFLVVDDFSTMRRIVRNLLKELGFNNVEEAEDGVDALNKLQAGGFGFIISDWNMPNMDGLELLKTIRADSAMSALPVLMVTAEAKKENIIAAAQAGASGYVVKPFTAATLEEKLNKIFEKLGM
2fmf_B_A,"B: 205, 208, 209, 212, 213, 214, ",B: QDQVDDLLDSLGF,"A: 90, 92, 95, 96, 98, 99, 103, 104, 105, 106, 119, 122, 126, ",A: ADKELKFLVVDDFSTMRRIVRNLLKELGFNNVEEAEDGVDALNKLQAGGFGFIISDWNMPNMDGLELLKTIRADSAMSALPVLMVTAEAKKENIIAAAQAGASGYVVKPFTAATLEEKLNKIFEKLGM
2fts_P_A,"P: 398, 399, 400, 401, 402, 403, 404, 405, 406, 408, ",P: FSIVGSLPRDFEL,"A: 326, 327, 330, 637, 638, 653, 654, 656, 658, 667, 671, 673, 686, 711, 712, 713, 714, 716, 718, 719, 722, 726, 727, 728, 729, ",A: MSPFPLTSMDKAFITVLEMTPVLGTEIINYRDGMGRVLAQDVYAKDNLPPFPASVKDGYAVRAADGPGDRFIIGESQAGEQPTQTVMPGQVMRVTTGAPIPCGADAVVQVEDTELIRESDDGTEELEVRILVQARPGQDIRPIGHDIKRGECVLAKGTHMGPSEIGLLATVGVTEVEVNKFPVVAVMSTGNELLNPEDDLLPGKIRDSNRSTLLATIQEHGYPTINLGIVGDNPDDLLNALNEGISRADVIITSGGVSMGEKDYLKQVLDIDLHAQIHFGRVFMKPGLPTTFATLDIDGVRKIIFALPGNPVSAVVTCNLFVVPALRKMQGILDPRPTIIKARLSCDVKLDPRPEYHRCILTWHHQEPLPWAQSTGNQMSSRLMSMRSANGLLMLPPKTEQYVELHKGEVVDVMVIGRL
2fvj_B_A,"B: 631, 632, 633, 634, 636, 637, 638, 639, 640, ",B: HKLVQLLTTT,"A: 293, 294, 297, 298, 301, 306, 311, 314, 315, 318, 319, 467, 468, 471, 472, ",A: ESADLRALAKHLYDSYIKSFPLTKAKARAILTGKTTDKSPFVIYDMNSLMMGEDKKEVAIRIFQGCQFRSVEAVQEITEYAKSIPGFVNLDLNDQVTLLKYGVHEIIYTMLASLMNKDGVLISEGQGFMTREFLKSLRKPFGDFMEPKFEFAVKFNALELDDSDLAIFIAVIILSGDRPGLLNVKPIEDIQDNLLQALELQLKLNHPESSQLFAKLLQKMTDLRQIVTEHVQLLQVIKKTETDMSLHPLLQEIYKDLY
2ho2_A_B,"A: 262, 264, 269, 271, 276, 278, 279, 280, ",A: SDLPAGWMRVQDTSGTYYWHIPTGTTQWEPPGR,"B: 5, 6, 7, 8, 9, 10, ",B: PPPPPPPPPL
2ho2_B_A,"B: 5, 6, 7, 8, 9, 10, ",B: PPPPPPPPPL,"A: 262, 264, 269, 271, 276, 278, 279, 280, ",A: SDLPAGWMRVQDTSGTYYWHIPTGTTQWEPPGR
2ht9_X_A,"X: -6, -5, -3, -2, ",X: LGTENLYFQSME,"A: 44, 45, 48, 54, 56, 58, ",A: LATAPVNQIQETISDNCVVIFSKTSCSYCTMAKKLFHDMNVNYKVVELDLLEYGNQFQDALYKMTGERTVPRIFVNGTFIGGATDTHRLHKEGKLLPLVHQCYL
2o02_P_A,"P: 417, 418, 419, 420, 421, 422, 423, 424, 425, 426, 427, 428, 429, 430, ",P: GHGQGLLDALDLAS,"A: 14, 39, 41, 42, 45, 46, 49, 50, 117, 120, 124, 125, 127, 128, 164, 165, 166, 169, 172, 173, 176, 180, 208, 209, 210, 211, 212, 213, 216, 217, 220, 224, 227, ",A: MDKNELVQKAKLAEQAERYDDMAACMKSVTEQGAELSNEERNLLSVAYKNVVGARRSSWRVVSSIEQKKQQMAREYREKIETELRDICNDVLSLLEKFLIPNASQAESKVFYLKMKGDYYRYLAEVAAGDDKKGIVDQSQQAYQEAFEISKKEMQPTHPIRLGLALNFSVFYYEILNSPEKACSLAKTAFDEAIAELDTLSEESYKDSTLIMQLLRDNLTLWTS
2o4j_C_A,"C: 626, 627, 628, 629, 630, 631, 633, 634, 635, 636, ",C: KNHPMLMNLLKD,"A: 235, 238, 242, 247, 252, 255, 256, 259, 260, 412, 413, 416, 417, ",A: KLSEEQQHIIAILLDAHHKTYDPTYADFRDFRPPVRMPLSMLPHLADLVSYSIQKVIGFAKMIPGFRDLTSDDQIVLLKSSAIEVIMLRSNQSFTMDDMSWDCGSQDYKYDVTDVSKAGHTLELIEPLIKFQVGLKKLNLHEEEHVLLMAICIVSPDRPGVQDAKLVEAIQDRLSNTLQTYIRCRHPPPGSHQLYAKMIQKLADLRSLNEEHSKQYRSLSFQPENSMKLTPLVLEVFGNE
2o9v_B_A,"B: 45, 46, 47, 48, 49, 50, 51, 52, 53, 54, ",B: VPPPVPPPPS,"A: 830, 831, 832, 839, 854, 855, 857, 858, 871, 873, 875, 876, ",A: GIDPFTGEAIAKFNFNGDTQVEMSFRKGERITLLRQVDENWYEGRIPGTSRQGIFPITYVDVIKRPL
2oei_A_B,"A: 262, 264, 266, 269, 271, 276, 278, 279, 280, 281, ",A: GSDLPAGWMRVQDTSGTYYWHIPTGTTQWEPPGRASP,"B: 1, 2, 3, 4, 5, 6, 7, 8, ",B: PPPPPPLPP
2oei_B_A,"B: 1, 2, 3, 4, 5, 6, 7, 8, ",B: PPPPPPLPP,"A: 262, 264, 266, 269, 271, 276, 278, 279, 280, 281, ",A: GSDLPAGWMRVQDTSGTYYWHIPTGTTQWEPPGRASP
2p0w_P_A,"P: 5, 6, 8, 9, 10, 11, 12, 13, 14, 15, 16, 17, 18, 19, ",P: KGGKGLGKGGAKRHR,"A: 30, 54, 55, 56, 57, 58, 62, 64, 186, 187, 188, 189, 190, 191, 192, 196, 199, 225, 237, 239, 240, 276, 277, 279, ",A: AEYKCNTNTAIELKLVRFPEDLENDIRTFFPEYTHQLFGDDETAFGYKGLKILLYYIAGSLSTMFRVEYASKVDENFDCVEADDVEGKIRQIIPPGFCTNTNDFLSLLEKEVDFKPFGTLLHTYSVLSPTGGENFTFQIYKADMTCRGFREYHERLQTFLMWFIETASFIDVDDERWHYFLVFEKYNKDGATLFATVGYMTVYNYYVYPDKTRPRVSQMLILTPFQGQGHGAQLLETVHRYYTEFPTVLDITAEDPSKSYVKLRDFVLVKLCQDLPCFSREKLMQGFNEDMAIEAQQKFKINKQHARRVYEILRLLVTD
2p1o_C_B,"C: 2, 3, 4, 5, 6, 7, 8, 9, 10, 11, 12, 13, ",C: QVVGWPPVRNYRK,"B: 81, 82, 83, 84, 114, 139, 165, 347, 349, 350, 351, 352, 380, 405, 406, 407, 408, 409, 440, 464, 465, 489, ",B: SFPEEVLEHVFSFIQLDKDRNSVSLVCKSWYEIERWCRRKVFIGNCYAVSPATVIRRFPKVRSVELKGKPHFADFNLVPDGWGGYVYPWIEAMSSSYTWLEEIRLKRMVVTDDCLELIAKSFKNFKVLVLSSCEGFSTDGLAAIAATCRNLKELDLRESDVDDVSGHWLSHFPDTYTSLVSLNISCLASEVSFSALERLVTRCPNLKSLKLNRAVPLEKLATLLQRAPQLEELGTGGYTAEVRPDVYSGLSVALSGCKELRCLSGFWDAVPAYLPAVYSVCSRLTTLNLSYATVQSYDLVKLLCQCPKLQRLWVLDYIEDAGLEVLASTCKDLRELRVFPSEPFVMEPNVALTEQGLVSVSMGCPKLESVLYFCRQMTNAALITIARNRPNMTRFRLCIIEPKAPDYLTLEPLDIGFGAIVEHCKDLRRLSLSGLLTDKVFEYIGTYAKKMEMLSVAFAGDSDLGMHHVLSGCDSLRKLEIRDCPFGDKALLANASKLETMRSLWMSSCSVSFGACKLLGQKMPKLNVEVIDERGAPDSRPESCPVERVFIYRTVAGPRFDMPGFVWNMDQ
2p1t_B_A,"B: 687, 688, 689, 690, 691, 693, 694, 695, 696, ",B: HKILHRLLQD,"A: 277, 280, 284, 289, 294, 295, 297, 298, 301, 302, 449, 450, 453, 454, 456, 457, 458, ",A: DMPVERILEAELAVEDPVTNICQAADKQLFTLVEWAKRIPHFSELPLDDQVILLRAGWNELLIASFSHRSIAVKDGILLATGLHVHRNSAHSAGVGAIFDRVLTELVSKMRDMQMDKTELGCLRAIVLFNPDSKGLSNPAEVEALREKVYASLEAYCKHKYPEQPGRFAKLLLRLPALRSIGLKCLEHLFFFKLIGDTPIDTFLMEMLEAP
2p54_B_A,"B: 686, 687, 688, 689, 690, 691, 693, 694, 695, 696, ",B: ARHKILHRLLQE,"A: 284, 285, 288, 289, 292, 297, 302, 303, 305, 306, 309, 310, 457, 458, 459, 462, 463, 465, ",A: DLKSLAKRIYEAYLKNFNMNKVKARVILSGKASNNPPFVIHDMETLCMAEKTLVAKLVANGIQNKEAEVRIFHCCQCTSVETVTELTEFAKAIPGFANLDLNDQVTLLKYGVYEAIFAMLSSVMNKDGMLVAYGNGFITREFLKSLRKPFCDIMEPKFDFAMKFNALELDDSDISLFVAAIICCGDRPGLLNVGHIEKMQEGIVHVLRLHLQSNHPDDIFLFPKLLQKMADLRQLVTEHAQLVQIIKKTESDAALHPLLQEIYRDMY
2peh_C_A,"C: 334, 336, 337, 338, 339, 340, 341, 342, ",C: KRKSRWDETP,"A: 309, 312, 313, 319, 321, 322, 325, 326, 329, 372, 375, 376, 377, 378, 379, 380, 382, ",A: AMGKCPTKVVLLRNMVGAGEVDEDLEVETKEECEKYGKVGKCVIFEIPGAPDDEAVRIFLEFERVESAIKAVVDLNGRYFGGRVVKACFYNLDKFRVLDLAEQV
2pux_A_B,"A: 1, 2, 3, 4, 5, 6, 7, 8, 9, 13, 14, ",A: FHTFFNEKTFGLGEADCGLRPLFEKKSLKDTTEKELLDSYIDG,"B: 20, 23, 24, 25, 26, 27, 28, 29, 47, 48, 49, 50, 51, 114, 115, 116, 117, 119, 120, 121, 122, 123, 129, 133, 134, 135, 136, 137, 157, 159, 184, 186, 200, 201, 202, 204, 205, 206, 207, 208, 235, 238, 239, 242, 243, 245, ",B: IVEGWDAEKGIAPWQVMLFRKSPQELLCGASLISDRWVLTAAHCILYPPWDKNFTENDLLVRIGKHSRTRYERNVEKISMLEKIYVHPRYNWRENLDRDIALLKLKKPVPFSDYIHPVCLPDKQTVTSLLRAGYKGRVTGWGNLRETWTTNINEIQPSVLQVVNLPIVERPVCKASTRIRITDNMFCAGFKVNDTKRGDACEGDAGGPFVMKSPFNNRWYQMGIVSWGEGCDRKGKYGFYTHVFRLKRWIQKVIDQFG
2pux_C_B,"C: 45, 46, 47, 48, 49, 50, 51, 54, 55, 56, ",C: QNTFEEFPLSDIE,"B: 32, 34, 38, 39, 40, 65, 67, 73, 74, 75, 76, 77, 81, 82, 83, 84, 110, 113, ",B: IVEGWDAEKGIAPWQVMLFRKSPQELLCGASLISDRWVLTAAHCILYPPWDKNFTENDLLVRIGKHSRTRYERNVEKISMLEKIYVHPRYNWRENLDRDIALLKLKKPVPFSDYIHPVCLPDKQTVTSLLRAGYKGRVTGWGNLRETWTTNINEIQPSVLQVVNLPIVERPVCKASTRIRITDNMFCAGFKVNDTKRGDACEGDAGGPFVMKSPFNNRWYQMGIVSWGEGCDRKGKYGFYTHVFRLKRWIQKVIDQFG
2puy_E_B,"E: 1, 2, 3, 4, 5, 6, 7, 8, ",E: ARTKQTARKS,"B: 487, 488, 489, 490, 497, 498, 499, 500, 501, 502, 504, 509, 522, 523, 524, 525, 526, 527, ",B: HMIHEDFCSVCRKSGQLLMCDTCSRVYHLDCLDPPLKTIPKGMWICPRCQDQMLKKEEAI
2qbx_P_A,"P: 1, 2, 3, 4, 5, 6, 7, 8, 9, ",P: SNEWIQPRL,"A: 49, 50, 51, 52, 68, 69, 70, 71, 72, 73, 101, 102, 103, 104, 107, 108, 157, 160, 163, 164, 165, 166, 192, 193, 194, 196, ",A: EETLMDSTTATAELGWMVHPPSGWEEVSGYDENMNTIRTYQVCNVFESSQNNWLRTKFIRRRGAHRIHVEMKFSVRDCSSIPSVPGSCKETFNLYYYEADFDSATKTFPNWMENPWVKVDTIAADESFSQVDLGGRVMKINTEVRSFGPVSRSGFYLAFQDYGGCMSLIAVRVFYR
2qos_A_C,"A: 158, 159, 160, 161, 162, 163, 164, 165, 166, 167, 168, ",A: LRYDSTAERLY,"C: 33, 36, 38, 40, 42, 43, 53, 68, 70, 71, 72, 77, 79, 81, 83, 94, 100, 103, 120, 122, 127, 129, 131, 162, 177, 179, ",C: ASPISTIQPKANFDAQQFAGTWLLVAVGSAARFLQEQGHRAEATTLHVAPQGTAMAVSTFRKLDGICWQVRQLYGDTGVLGRFLLQARGARGAVHVVVAETDYQSFAVLYLERAGQLSVKLYARSLPVSDSVLSGFEQRVQEAHLTEDQIFYFPKYGFCEAADQFHVLDEVRR
2qse_C_A,"C: 687, 688, 689, 690, 691, 693, 694, 695, 696, ",C: HKILHRLLQD,"A: 358, 359, 362, 367, 372, 373, 375, 376, 379, 380, 538, 539, 542, 543, 545, ",A: SLALSLTADQMVSALLDAEPPILYSERPFSEASMMGLLTNLADRELVHMINWAKRVPGFVDLTLHDQVHLLECAWLEILMIGLVWRSMEHPGKLLFAPNLLLDRNCVEGMVEIFDMLLATSSRFRMMNLQGEEFVCLKSIILLNSGVYTFLSSTLKSLEEKDHIHRVLDKITDTLIHLMAKAGLTLQQQHQRLAQLLLILSHIRHMSNKGMEHLYSMKCKNVVPLSDLLLEMLDAHRL
2r7g_B_A,"B: 40, 41, 42, 43, 44, 45, 46, 47, 48, 49, ",B: PPTLHELYDL,"A: 460, 461, 464, 467, 468, 472, 473, 475, 476, 479, 481, 482, 485, 527, 530, 531, 533, 534, 537, 572, 575, 643, 644, 645, 646, 647, 649, ",A: NTIQQLMMILNSASDQPSENLISYFNNCTVNPKESILKRVKDIGYIFKEKFAKAVGQGCVEIGSQRYKLGVRLYYRVMESMLKSEEERLSIQNFSKLLNDNIFHMSLLACALEVVMATYSRSTGTDLSFPWILNVLNLKAFDFYKVIESFIKAEGNLTREMIKHLERCEHRIMESLAWLSDSPLFDLIKQSKDKSTSLSLFYKKVYRLAYLRLNTLCERLLSEHPELEHIIWTLFQHTLQNEYELMRDRHLDQIMMCSMYGICKVKNIDLKFKIIVTAYKDLPHAVQETFKRVLIKEEEYDSIIVFYNSVFMQRLKTNILQYASTRPPTLSPIPHI
2r9q_X_B,"X: 1000, 1001, 1002, 1003, 1004, 1005, 1006, ",X: SNPACVA,"B: 223, 240, 244, 245, ",B: RTTGILADGAIRALFAGDKLKSEADLDVDQVQPASLDLRLGSKAYRVRASFMPGPGTRVIDKLNRFLHEVDLSQGAVLETGCVYIVPLMESLALPADMSASANPKSSTGRLDIFTRVMTDNAQEFDKIPAGYTGPLYLEISPRTFPIVVRRGSRLSQIRFRIGHALLNESEVLKLHETETLVASENPNVTGIALSIDLKGFGENGLIGYRGKHHTAVVDVDKKAQHDVLDFWEPLFARGRAELILDPDEFYILVSREAVHVPPLYAAEMTPFDPLVGEFRVHYAGFFDPGFGHAQGGTGSRAVLEVRSHEVPFILEHGQIVGRLVYEHMLEKPEGLYGTGLG
2r9q_X_C,"X: 1000, 1001, 1002, 1003, 1004, 1005, 1006, ",X: SNPACVA,"C: 215, 218, 244, 245, 246, 247, 248, 249, 251, 253, 254, ",C: RTTGILADGAIRALFAGDKLKSEADLDVDQVQPASLDLRLGSKAYRVRASFMPGPGTRVIDKLNRLHEVDLSQGAVLETGCVYIVPLMESLALPADMSASANPKSSTGRLDIFTRVMTDNAQEFDKIPAGYTGPLYLEISPRTFPIVVRRGSRLSQIRFRIGHALLNESEVLKLHETETLVASNPNVTGIALSIDLKGFGENGLIGYRGKHHTAVVDVDKKAQHDVLDFWEPLFARGRAELILDPDEFYILVSREAVHVPPLYAAEMTPFDPLVGEFRVHYAGFFDPGFGHAQGTGSRAVLEVRSHEVPFILEHGQIVGRLVYEHMLEKPE
2r9q_Y_B,"Y: 1017, 1018, 1019, 1020, 1021, 1022, 1023, 1024, 1025, ",Y: VEVPLAGAV,"B: 119, 120, 212, 217, 218, 219, 220, 234, 235, 239, 243, 263, 265, 311, 312, 313, 315, ",B: RTTGILADGAIRALFAGDKLKSEADLDVDQVQPASLDLRLGSKAYRVRASFMPGPGTRVIDKLNRFLHEVDLSQGAVLETGCVYIVPLMESLALPADMSASANPKSSTGRLDIFTRVMTDNAQEFDKIPAGYTGPLYLEISPRTFPIVVRRGSRLSQIRFRIGHALLNESEVLKLHETETLVASENPNVTGIALSIDLKGFGENGLIGYRGKHHTAVVDVDKKAQHDVLDFWEPLFARGRAELILDPDEFYILVSREAVHVPPLYAAEMTPFDPLVGEFRVHYAGFFDPGFGHAQGGTGSRAVLEVRSHEVPFILEHGQIVGRLVYEHMLEKPEGLYGTGLG
2v8y_B_A,"B: 51, 52, 53, 54, 55, 56, 58, 59, 60, 62, 63, ",B: RIIYDRKFLMECRN,"A: 37, 38, 39, 40, 69, 70, 73, 77, 131, 132, 135, 138, 139, 140, 141, 143, 144, 147, 186, ",A: EHYIKHPLQNRWALWFFKNDKSKTWQANLRLISKFDTVEDFWALYNHIQLSSNLMPGCDYSLFKDGIEPMWEDEKNKRGGRWLITLNKQQRRSDLDRFWLETLLCLIGESFDDYSDDVCGAVVNVRAKGDKIAIWTTECENREAVTHIGRVYKERLGLPPKIVIGYQSHADTATTKNRFVV
2vkn_C_A,"C: 3, 4, 5, 6, 7, 8, 9, 10, ",C: KPLPPLPLA,"A: 11, 13, 19, 22, 39, 40, 54, 55, 56, 57, ",A: DNFIYKAKALYPYDADDDDAYEISFEQNEILQVSDIEGRWWKARRANGETGIIPSNYVQLIDGPEE
2vr3_C_A,"C: 400, 401, 402, 403, 404, 405, 406, 407, 408, 409, 410, 411, ",C: HHLGGAKQAGAV,"A: 251, 252, 253, 254, 255, 256, 285, 286, 287, 288, 289, 291, 292, 338, 375, 382, 383, 384, 385, 389, 506, 519, 520, 521, 522, 523, 524, 525, 526, 527, 528, 529, 530, 531, ",A: TDITNQLTNVTVGIDSGTTVYPHQAGYVKLNYGFSVPNSAVKGDTFKITVPKELNLNGVTSTAKVPPIMAVLANGVIDSDGNVIYTFTDYVNTKCDVKATLTMPAYIDPENVKKTGNVTLATGIGSTTANKTVLVDYEKYGKFYNLSIKGTIDQIDKTNNTYRQTIYVNPSGDNVIAPVLTGNLKPNTDSNALIDQQNTSIKVYKVDNAADLSESYFVNPEDVTNSVNITFPNPNQYKVEFPDDQITTPYIVVVNGHIDPNSKGDLALRSTLYGYNSNIIWRSMSWDNEVAFNNGSGSGDGIDCPVVP
2vwf_B_A,"B: 1, 2, 3, 4, 5, 6, 7, 8, 10, 11, 12, 13, 14, ",B: IQPPPVNRNLKPDR,"A: 7, 9, 10, 12, 13, 14, 16, 32, 34, 35, 37, 46, 48, 50, 51, ",A: TYVQALFDFDPQEDGELGFRRGDFIHVMDNSDPNWWKGACHGQTGMFPRNYVTAVN
2w2u_C_A,"C: 183, 184, 185, 186, 187, 188, 189, 190, 191, 192, 193, ",C: RELLPELPHPP,"A: 4, 5, 8, 11, 12, 15, 16, 19, 22, 23, 34, 41, 52, 53, 56, 57, 59, 60, 63, 64, 67, ",A: MSAQVMLEEMARKYAINAVKADKEGNAEEAITNYKKAIEVLAQLVSLYRDGSTAAIYEQMINEYKRRIEVLKELI
2whx_C_A,"C: 49, 50, 51, 52, 53, 54, 55, 56, 57, 58, 59, 60, 61, 62, ",C: ADLSLEKAANVQWD,"A: 21, 22, 23, 24, 25, 26, 27, 28, 40, 42, 46, 52, 53, 56, 57, 58, 59, 60, 65, 94, 95, 96, 98, 100, 106, 108, 110, 140, 141, 142, 143, 144, 145, 146, ",A: GVYRIMQRGLFGKTQVGVGIHMEGVFHTMWHVTRGSVICHERLEPSWADVRNDMISYGGGWRLGDKWDKEEDVQVLAIEPGKNPKHVQTKPGLFEIGAVTLDFKPGTSGSPIINKKGKVIGLYGNVSAITQAERIGEPDYEVDEDIFRKKRLTIMDLHPGAGKTKRILPSIVREALKRRLRTLILAPTRVVAAEMEEALRGLPIRYQTPAVKSDHTGREIVDLMCHATFTTRLLSSTRVPNYNLIVMDEAHFTDPCSVAARGYISTRVEMGEAAAIFMTATPPGSTDPFPQSNSPIEDIEREIPERSWNTGFDWITDYQGKTVWFVPSIKAGNDIANCLRKSGKRVIQLSRKTFDTEYPKTKLTDWDFVVTTDISEMGANFRAGRVIDPRRCLKPVILTDGPERVILAGPIPVTPASAAQRRGRIGRNPAQEDDQYVFSGDPLKNDEDHAHWTEAKMLLDNIYTPEGIIPTLFGPEREKTQAIDGEFRLRGEQRKTFVELMRRGDLPVWLSYKVASAGISYKDREWCFTGERNNQILEENMEVEIWTREGEKKKLRPKWLDARVYADPMALKDFKEFASGRK
2xrw_B_A,"B: 144, 146, 149, 150, 151, 152, 153, 154, ",B: RPSRDHLYLPLE,"A: 83, 112, 113, 117, 118, 121, 123, 126, 127, 130, 131, 159, 160, 161, 162, 163, 324, 329, ",A: GSRSKRDNNFYSVEIGDSTFTVLKRYQNLKPIGSGAQGIVCAAYDAILERNVAIKKLSRPFQNQTHAKRAYRELVLMKCVNHKNIIGLLNVFTPQKSLEEFQDVYIVMELMDANLCQVIQMELDHERMSYLLYQMLCGIKHLHSAGIIHRDLKPSNIVVKSDCTLKILDFGLRYYRAPEVILGMGYKENVDIWSVGCIMGEMIKGGVLFPGTDHIDQWNKVIEQLGTPCPEFMKKLQPTVRTYVENRPKYAGYSFEKLFPDVLFPADSEHNKLKASQARDLLSKMLVIDASKRISVDEALQHPYINVWYDPSEAEAPPPKIPDKQLDEREHTIEEWKELIYKEVMDLEH
2xu7_D_A,"D: 1, 2, 3, 4, 5, 6, 9, 10, 11, 12, 13, ",D: MSRRKQSNPRQIK,"A: 39, 40, 41, 42, 43, 45, 71, 72, 73, 126, 128, 129, 145, 179, 181, 198, 231, 248, 275, 277, 319, 321, 376, 395, 396, 397, ",A: VINEEYKIWKKNTPFLYDLVMTHALEWPSLTAQWLPDVTFSIHRLVLGTHTSDEQNHLVIASVQLPNKIEIEIKINHEGEVNRARYMPQNPCIIATKTPSSDVLVFDYTKHPSKPDPSGECNPDLRLRGHQKEGYGLSWNPNLSGHLLSASDDHTICLWDISAVPKEGKVVDAKTIFTGHTAVVEDVSWHLLHESLFGSVADDQKLMIWDTRSNNTSKPSHSVDAHTAEVNCLSFNPYSEFILATGSADKTVALWDLRNLKLKLHSFESHKDEIFQVQWSPHNETILASSGTDRRLNVWDLSKIGEEQSEDGPPELLFIHGGHTAKISDFSWNPNEPWVICSVSEDNIMQVWQMAENIYN
2xvc_B_A,"B: 254, 255, 256, 257, 258, 259, 260, 261, 262, 263, 264, 265, ",B: IPLPIPVKVINTL,"A: 216, 219, 220, 224, 225, 226, 227, 228, 229, 239, 243, 246, 252, 253, 254, 255, 256, 257, 258, 259, ",A: HHHHHMITERELLDYIVNNGGFLDIEHFSKVYGVEKQEVVKLLEALKNKGLIAVES
3asl_B_A,"B: 1, 2, 3, 4, 5, 6, 7, ",B: ARTKQTARK,"A: 316, 317, 318, 327, 328, 330, 331, 332, 333, 334, 337, 339, 352, 353, 354, 355, 356, 358, ",A: GPSCKHCKDDVNRLCRVCACHLCGGRQDPDKQLMCDECDMAFHIYCLDPPLSSVPSEDEWYCPECRND
3awr_C_A,"C: 12, 13, 15, 16, 18, 19, 20, 21, 22, 23, ",C: GPRLSRLLSSAG,"A: 70, 71, 74, 75, 78, 79, 82, 93, 100, 102, 103, 105, 106, 109, 110, 113, ",A: GPLGSDLKDAEAVQKFFLEEIQLGEELLAQGDYEKGVDHLTNAIAVCGQPQQLLQVLQQTLPPPVFQMLLTKL
3ayu_B_A,"B: 1, 2, 3, 4, 5, 6, 7, 8, 9, 10, ",B: ISYGNDALMP,"A: 4, 5, 6, 73, 79, 80, 81, 82, 83, 84, 85, 86, 87, 88, 89, 90, 92, 93, 112, 116, 117, 120, 124, 129, 130, 137, 139, 140, 141, 142, ",A: YNFFPRKPKWDKNQITYRIIGYTPDLDPETVDDAFARAFQVWSDVTPLRFSRIHDGEADIMINFGRWEHGDGYPFDGKDGLLAHAFAPGTGVGGDSHFDDDELWTLGKGVGYSLFLVAAHAFGHAMGLEHSQDPGALMAPIYTYTKNFRLSQDDIKGIQELYGASP
3bfq_F_G,"F: 1, 2, 3, 4, 5, 6, 7, 8, 9, 10, 11, 12, 13, 14, 15, ",F: ADSTITIRGYVRDNR,"G: 18, 20, 21, 22, 23, 24, 25, 26, 27, 28, 29, 30, 31, 32, 33, 35, 36, 47, 49, 65, 81, 84, 86, 88, 117, 119, 128, 129, 130, 131, 132, 133, 134, 135, 136, 137, 138, 139, 140, 141, ",G: AKPCTVSTTNATVDLGDLYSFSLMSAGAASAWHDVALELTNCPVGTSRVTASFSGAADSTGYYKNQGTAQNIQLELQDDSGNTLNTGATKTVQVDDSSQSAHFPLQVRALTVNGGATQGTIQAVISITYTYS
3c3r_B_A,"B: 221, 224, 225, 228, 229, 231, 232, 233, ",B: EDDDIKQLAAWAT,"A: 143, 146, 147, 150, 151, 154, 198, 199, 202, 203, 208, 211, 212, 215, 216, 335, 337, ",A: ATFISVQLKKTSEVDLAKPLVKFIQQTYPSGGEEQAQYCRAAEELSKLRRAAVGRPLDKHEGALETLLRYYDQICSIEPKFPFSENQICLTFTWKDAFDKGSLFGGSVKLALASLGYEKSCVLFNCAALASQIAAEQNLDNDEGLKIAAKHYQFASGAFLHIKETVLSALSREPTVDISPDTVGTLSLIMLAQAQEVFFLKATRDKMKDAIIAKLANQAADYFGDAFKQCQYKDTLPKEVFPVLAAKHCIMQANAEYHQSILAKQQKKFGEEIARLQHAAELIKTVASRYDEYVNVKDFSDKINRALAAAKKDNDFIYHDRVPDLKDLDPIGKATLVKSTPVNVPISQKFTDLFEKM
3d32_D_B,"D: 1, 2, 3, 4, 5, 6, 7, 8, 9, 10, 11, 12, ",D: DATYTWEHLAWP,"B: 19, 23, 27, 30, 32, 33, 46, 50, 51, 52, 53, 54, 56, 57, 58, 61, 62, 65, 66, 69, 106, ",B: MKFVYKEEHPFEKRRSEGEKIRKKYPDRVPVIVEKAPKARIGDLDKKKYLVPSDLTVGQFYFLIRKRIHLRAEDALFFFVNNVIPPTSATMGQLYQEHHEEDFFLYIAYSDESVYG
3ds4_T_A,"T: 1, 2, 3, 4, 5, 6, 7, 9, 10, 11, 12, ",T: ITFEDLLDYYGP,"A: 162, 165, 166, 168, 169, 172, 173, 179, 182, 183, 186, 187, 190, 207, 209, 210, 211, 212, 214, 215, ",A: TSILDIRQGPKEPFRDYVDRFYKTLRAEQASQEVKNWMTETLLVQNANPDCKTILKALGPGATSEEMMTACQGVGGP
3ery_P_A,"P: 1, 2, 3, 4, 5, 6, 7, 8, 9, ",P: QLSPFPFDL,"A: 5, 7, 9, 45, 59, 62, 63, 66, 67, 70, 73, 76, 77, 80, 81, 84, 95, 97, 99, 114, 116, 123, 142, 143, 146, 147, 150, 151, 152, 155, 156, 159, 163, 167, 171, ",A: GPHSMRYYETATSRRGLGEPRYTSVGYVDDKEFVRFDSDAENPRYEPQVPWMEQEGPEYWERITQVAKGQEQWFRVNLRTLLGYYNQSAGGTHTLQRMYGCDVGSDGRLLRGYEQFAYDGCDYIALNEDLRTWTAADMAAQITRRKWEQAGAAEYYRAYLEGECVEWLHRYLKN
3g2s_C_A,"C: 5, 6, 7, 8, 9, 10, 11, 12, 13, ",C: GFSDDVPMVIA,"A: 86, 87, 88, 89, 92, 95, 96, 99, 100, 101, 102, 131, 134, 135, 138, 139, 142, 144, ",A: EPAMEPETLEARINRATNPLNKELDWASINGFCEQLNEDFEGPPLATRLLAHKIQSPQEWEAIQALTVLETCMKSCGKRFHDEVGKFRFLNELIKVVSPKYLGSRTSEKVKNKILELLYSWTVGLPEEVKIAEAYQMLKKQGIVKS
3gyt_B_A,"B: 743, 744, 745, 746, 748, 749, 750, 751, ",B: KSLLQQLLTE,"A: 564, 567, 571, 576, 581, 584, 585, 588, 589, 743, 744, 747, 748, ",A: YTLSEKDLKELDSIRDSFQCMNEPLDNDQQASTLAKKEHNPTDILNVMDITMRRLVKMAKRLGAFNEISEAGKFSLLKGGMIEMLTIRGVTVFNADKGVWQTPVDGHSQISFNMFDKLRPDIKDTQKKGFLHFFNLLHSDVRKNDLAIDIIVLMVLFDSKREGLVSQQDKETVEKLHRNYESLLHRYLYSIHKEEAEQRFASIPKALVALRKVAENAVTLFLGAGNTTEAASLPKEFFATNY
3h1z_P_A,"P: 1, 2, 3, 4, 5, 6, 8, 9, 10, 11, 12, 13, 14, 15, ",P: YFPTDERSWVYSPLH,"A: 751, 752, 753, 754, 755, 756, 757, 758, 766, 768, 769, 770, 771, 772, 773, 774, 804, 805, 806, 807, 808, 813, 815, ",A: GGYVAPKAVWLPAVKAKGLEISGTFTHRQGHIYMEMNFTNKALQHMTDFAIQFNKNSFGVIPSTPLAIHTPLMPNQSIDVSLPLNTLGPVMKMEPLNNLQVAVKNNIDVFYFSCLIPLNVLFVEDGKMERQVFLATWKDIPNENELQFQIKECHLNADTVSSKLQNNNVYTIAKRNVEGQDMLYQSLKLTNGIWILAELRIQPGNPNYTLSLKCRAPEVSQYIYQVYDSILKN
3i5r_B_A,"B: 3, 4, 5, 6, 7, 8, 9, 10, ",B: KRPLPPLPS,"A: 12, 13, 14, 17, 18, 21, 51, 53, 54, 55, 68, 70, 71, 72, 73, ",A: SAEGYQYRALYDYKKEREEDIDLHLGDILTVNKGSLVALGFSDGQEARPEEIGWLNGYNETTGERGDFPGTYVEYIGRKKI
3ivv_D_A,"D: 96, 97, 98, 99, 100, 101, 102, 103, ",D: DEVTSTTSSS,"A: 70, 76, 87, 102, 117, 118, 119, 120, 123, 129, 130, 131, 132, 133, 134, ",A: SGKVVKFSYMWTINNFSFCREEMGEVIKSSTFSSGANDKLKWCLRVNPKGLDEESKDYLSLYLLLVSCPKSEVRAKFKFSILNAKGEETKAMESQRAYRFVQGKDWGFKKFIRRDFLLDEANGLLPDDKLTLFCEVSVVQ
3kmr_C_A,"C: 629, 630, 631, 632, 633, 635, 636, 637, 638, ",C: HKILHRLLQE,"A: 237, 240, 244, 249, 254, 257, 258, 261, 262, 408, 409, 412, 413, ",A: PEVGELIEKVRKAHQETFPALCQLGKYTTNNSSEQRVSLDIDLWDKFSELSTKCIIKTVEFAKQLPGFTTLTIADQITLLKAACLDILILRICTRYTPEQDTMTFSDGLTLNRTQMHNAGFGPLTDLVFAFANQLLPLEMDDAETGLLSAICLICGDRQDLEQPDRVDMLQEPLLEALKVYVRKRRPSRPHMFPKMLMKITDLRSISAKGAERVITLKMEIPGSMPPLIQEMLE
3kuj_B_A,"B: 76, 78, 79, 80, 81, 82, 83, 84, 85, 87, 88, 89, ",B: FVPNVHAAEFVPSFL,"A: 559, 560, 563, 564, 567, 579, 580, 582, 583, 584, 585, 586, 587, 588, 606, 609, 610, 613, 614, 617, ",A: PLTASMLASAPPQEQKQMLGERLFPLIQAMHPTLAGKITGMLLEIDNSELLHMLESPESLRSKVDEAVAVLQAHQAK
3kus_C_A,"C: 111, 112, 113, 114, 115, 116, 117, 118, 119, 120, 121, ",C: LNPNAKEFVPG,"A: 559, 560, 563, 564, 567, 579, 580, 582, 583, 584, 585, 586, 587, 588, 606, 609, 610, 613, 614, 617, ",A: LTASMLASAPPQEQKQMLGERLFPLIQAMHPTLAGKITGMLLEIDNSELLHMLESPESLRSKVDEAVAVLQAHQAKEAAQKA
3l0e_B_A,"B: 740, 741, 742, 743, 744, 745, 746, 748, 749, 750, 751, ",B: KENALLRYLLDK,"A: 279, 280, 283, 287, 292, 293, 297, 298, 300, 301, 304, 305, 451, 452, 454, 455, 456, 458, 461, ",A: QLTAAQELMIQQLVAAQLQSNKRSFSDQPKVTPWPLGADPQSRDARQQRFAHFTELAIISVQEIVDFAKQVPGFLQLGREDQIALLKASTIEIMLLETARRYNHETESITFLKDFTYSKDDFHRAGLQVEFINPIFEFSRAMSSLGLDDAEYALLIAINIFSADRPNVQEPGRVEALQQPYVEALLSYTRIKRPQDQLRFPRMLMKLVSLRTLSSVHSEQVFALRLADAALPPLLSEIWDVHE
3ll8_E_A,"E: 4, 5, 6, 7, 8, 9, 10, 11, 12, 13, 14, ",E: EPIAIIITDTE,"A: 100, 104, 275, 288, 290, 297, 299, 300, 318, 324, 327, 328, 329, 330, 331, 332, 333, 334, 335, ",A: TDRVVKAVPFPPSHRLTAKEVFDNDGKPRVDILKAHLMKEGRLEESVALRIITEGASILRQEKNLLDIDAPVTVCGDIHGQFFDLMKLFEVGGSPANTRYLFLGDYVDRGYFSIECVLYLWALKILYPKTLFLLRGNHECRHLTEYFTFKQECKIKYSERVYDACMDAFDCLPLAALMNQQFLCVHGGLSPEINTLDDIRKLDRFKEPPAYGPMCDILWSDPLEDFGNEKTQEHFTHNTVRGCSYFYSYPAVCEFLQHNNLLSILRAHEAQDAGYRMYRKSQTTGFPSLITIFSAPNYLDVYNNKAAVLKYENNVMNIRQFNCSPHPYWLPNFMDVFTWSLPFVGEKVTEMLVNVLN
3llz_B_A,"B: 8, 9, 10, 11, 12, 13, 14, 15, 16, ",B: NGKSQSIIVGPWGD,"A: 8, 72, 79, 80, 81, 104, 105, 106, 117, 125, 126, 127, 128, 129, 130, 131, ",A: GVTFDDGAYTGIREINFEYNSETAIGGLRVTYDLNGMPFVAEDHKSFITGFKPVKISLEFPSEYIVEVSGYVGKVEGYTVIRSLTFKTNKQTYGPYGVTNGTPFSLPIENGLIVGFKGSIGYWLDYFSIYLSL
3obq_B_A,"B: 346, 347, 348, 349, 350, 351, 352, 353, 354, ",B: PTPSAPVPL,"A: 34, 58, 63, 67, 68, 69, 70, 71, 92, 94, 95, 139, 141, 142, 143, 145, ",A: AVSESQLKKMVSKYKYRDLTVRETVNVITLYKDLKPVLDSYGTGSRELMNLTGTIPVPYRGNTYNIPICLWLLDTYPYNPPICFVKPTSSMTIKTGKHVDANGKIYLPYLHEWKHPQSDLLGLIQVMIVVFGDEPPVFSRP
3olf_B_A,"B: 746, 747, 748, 749, 750, 752, 753, 754, 755, ",B: DHQLLRYLLDK,"A: 299, 300, 303, 304, 307, 312, 317, 318, 320, 321, 324, 325, 467, 468, 471, 472, ",A: MELTPDQQTLLHFIMDSYNKQRMPQEITNKILKEAFSAEENFLILTEMATNHVQVLVEFTKKLPGFQTLDHEDQIALLKGSAVEAMFLRSAEIFNKKLPSGHSDLLEARIRNSGISDEYITPMFSFYKSIGELKMTQEEYALLTAIVILSPDRQYIKDREAVEKLQEPLLDVLQKLCKIHQPENPQHFACLLGRLTELRTFNHHHAEMLMSWRVNDHKFTPLLCEIWDVQ
3p72_B_A,"B: 1, 3, 4, 6, 7, 8, 9, 10, 11, ",B: CTERMALHNLC,"A: 59, 81, 83, 104, 106, 108, 128, 130, 132, 152, 154, 156, 176, 178, 180, 201, 230, 233, 234, 235, 236, 237, 238, 239, ",A: HPICEVSKVASHLEVNCDKRQLTALPPDLPKDTTILHLSENLLYTFSLATLMPYTRLTQLNLDRCELTKLQVDGTLPVLGTLDLSHNQLQSLPLLGQTLPALTVLDVSFNRLTSLPLGALRGLGELQELYLKGNELKTLPPGLLTPTPKLEKLSLANNQLTELPAGLLNGLENLDTLLLQENSLYTIPKGFFGSHLLPFAFLHGNPWLCNCEILYFRRWLQDNAENVYVWKQGVDVKAMTSNVASVQCDNSDKFPVYKYPGKGCPLVPR
3p8f_I_A,"I: 1, 2, 3, 4, 5, 6, 7, 8, 9, 10, 12, 14, ",I: GRCTKSIPPICFPD,"A: 38, 40, 41, 42, 57, 58, 60, 96, 97, 98, 99, 143, 146, 175, 189, 190, 191, 192, 193, 194, 195, 213, 214, 215, 216, 217, 219, 220, 226, 227, ",A: VVGGTDADEGEWPWQVSLHALGQGHICGASLISPNWLVSAAHCYIDDRGFRYSDPTQWTAFLGLHDQSQRSAPGVQERRLKRIISHPFFNDFTFDYDIALLELEKPAEYSSMVRPICLPDASHVFPAGKAIWVTGWGHTQYGGTGALILQKGEIRVIQQTTCENLLPQQITPRMMCVGFLSGGVDSCQGDSGGPLSSVEADGRIFQAGVVSWGDGCAQRNKPGVYTRLPLFRDWIKENTGV
3ptl_B_A,"B: 1, 2, 3, 4, 5, 6, 7, 8, 9, 10, ",B: KGEADALSLD,"A: 67, 69, 96, 100, 101, 102, 103, 104, 105, 107, 108, 132, 133, 134, 135, 136, 137, 138, 139, 140, 141, 158, 160, 161, 212, 220, 221, 222, 223, 224, 225, ",A: AAQTNAPWGLARISSTSPGTSTYYYDESAGQGSCVYVIDTGIEASHPEFEGRAQMVKTYYYSSRDGNGHGTHCAGTVGSRTYGVAKKTQLFGVKVLDDNGSGQYSTIIAGMDFVASDKNNRNCPKGVVASLSLGGGYSSSVNSAAARLQSSGVMVAVAAGNNNADARNYSPASEPSVCTVGASDRYDRRSSFSNYGSVLDIFGPGTSILSTWIGGSTRSISGTSMATPHVAGLAAYLMTLGKTTAASACRYIADTANKGDLSNIPFGTVNLLAYNNYQA
3qis_B_A,"B: 1, 2, 3, 5, 6, 7, 9, 10, 11, 12, 13, ",B: PFARLHECYGQEI,"A: 691, 730, 731, 732, 733, 734, 736, 739, 740, 742, 743, 746, 776, 834, 837, 838, 841, 842, 845, ",A: PSLELSRREFVFENVKFRQLQKEKFQISNNGQVPCHFSFIPKLNDSQYCKPWLRAEPFEGYLEPNETVDISLDVYVSKDSVTILNSGEDKIEDILVLHLDRGKDYFLTISGNYLPSCFGTSLEALCRMKRPIRERPLQVPKEIWLLVDHLFKYACHQEDLFQTPGMQEELQQIIDCLDTSIPETIPGSNHSVAEALLIFLEALPEPVICYELYQRCLDSAYDPRICRQVISQLPRCHRNVFRYLMAFLRELLKFSEYNSVNANMIATLFTSLLLRPPPSDRQRAIQFLLGFLL
3rm1_B_A,"B: 3, 4, 5, 7, 9, 10, 11, ",B: TKIDWNKIL,"A: 36, 42, 43, 44, 45, 46, 47, 52, 55, 56, 59, 76, 79, 80, 83, 84, 87, ",A: MSELEKAVVALIDVFHQYSGREGDKHKLKKSELKELINNELSHFLEEIKEQEVVDKVMETLDSNGDGECDFQEFMAFVAMITTACHEFF
3rqg_E_C,"E: 262, 263, 265, 266, 267, 269, 270, 273, ",E: ATRELDELMASL,"C: 128, 129, 131, 132, 134, 135, 138, 139, 142, 168, 171, 172, 175, 178, 179, 182, ",C: GHMRMTMEEMKNEAETTSMVSMPLYAVMYPVFNELERVNLSAAQTLRAAFIKAEKENPGLTQDIIMKILEKKSVEVNFTESLLRMAADDVEEYMIERPEPEFQDLNEKARALKQILSKIPDEINDRVRFLQTIKDIASAIKELLDTVNNVFKKYQYQNRRALEHQKKEFVKYSKSFSDTLKTYFKDGKAINVFVSANRLIHQTNLILQTFKT
3sfj_B_A,"B: 2, 4, 5, 6, 7, 8, 9, 10, ",B: ANSRWPTSII,"A: 28, 29, 30, 31, 32, 33, 34, 35, 36, 40, 41, 42, 44, 45, 46, 47, 57, 59, 60, 91, 95, 98, 99, ",A: TAVVQRVEIHKLRQGENLILGFSIGGGIDQDPSQNPFSEDKTDKGIYVTRVSEGGPAEIAGLQIGDKIMQVNGWDMTMVTHDQARKRLTKRSEEVVRLLVTRQ
3so6_Q_A,"Q: 839, 840, 841, 842, 843, 844, 845, 846, 847, 848, 849, 850, ",Q: SINFDNPVYQKTT,"A: 60, 61, 62, 63, 112, 113, 114, 115, 116, 117, 118, 119, 120, 121, 122, 133, 140, 154, 157, 158, 161, 164, 167, 168, 171, ",A: MEGMVFSLKYLGMTLVERPKGEELSAAAVKRIVATAKASGKKLQKVTLKVSPRGIILTDSLTSQLIENVSIYRISYCTADKMHDKVFAYIAQSQQNESLECHAFLCTKRKVAQAVTLTVAQAFKVAFEFWQVSLVPR
3tjv_B_A,"B: 1, 2, 3, 4, 5, 6, 7, 8, 9, ",B: PTSYAGDDS,"A: 32, 34, 35, 41, 42, 43, 44, 59, 60, 75, 100, 144, 150, 171, 174, 191, 192, 193, 194, 195, 196, 197, 211, 212, 213, 214, 215, 216, 218, 219, ",A: IIGGHEAKPHSRPYMAFVQFLQEKSRKRCGGILVRKDFVLTAAHCQGSSINVTLGAHNIKEQERTQQFIPVKRPIPHPAYNPKNFSNNIMLLQLERKAKWTTAVRPLRLPSSKAQVKPGQLCSVAGWGYVSMSTLATTLQEVLLTVQKDCQCERLFHGNYSRATEICVGDPKKTQTGFKGDSGGPLVCKDVAQGILSYGNKKGTPPGVYIKVSHFLPWIKRTMKR
3tzy_D_A,"D: 2, 4, 5, 6, 7, 8, 9, ",D: DKENFWGMAV,"A: 624, 678, 679, 680, 684, 698, 699, 700, 701, 702, 991, 995, 1011, 1013, 1019, 1027, 1031, ",A: ELPGVTEEALRLKEAALEELAAQEVTAPLVPLAVSAFLTSRKKAAAAELADWMQSPEGQASSLESIGRSLSRRNHGRSRAVVLAHDHDEAIKGLRAVAAGKQAPNVFSVDGPVTTGPVWVLAGFGAQHRKMGKSLYLRNEVFAAWIEKVDALVQDELGYSVLELILDDAQDYGIETTQVTIFAIQIALGELLRHHGAKPAAVIGQSLGEAASAYFAGGLSLRDATRAICSRSHLMGEGEAMLFGEYIRLMALVEYSADEIREVFSDFPDLEVCVYAAPTQTVIGGPPEQVDAILARAEAEGKFARKFATKGASHTSQMDPLLGELTAELQGIKPTSPTCGIFSTVHEGRYIKPGGEPIHDVEYWKKGLRHSVYFTHGIRNAVDSGHTTFLELAPNPVALMQVALTTADAGLHDAQLIPTLARKQDEVSSMVSTMAQLYVYGHDLDIRTLFSRASGPQDYANIPP
3u9q_B_A,"B: 142, 143, 144, 145, 147, 148, 149, 150, ",B: SLLKKLLLA,"A: 293, 294, 297, 298, 301, 306, 311, 312, 314, 315, 318, 319, 467, 468, 471, 472, ",A: SADLRALAKHLYDSYIKSFPLTKAKARAILTGKTTDKSPFVIYDMNSLMMGEDKIKEVAIRIFQGCQFRSVEAVQEITEYAKSIPGFVNLDLNDQVTLLKYGVHEIIYTMLASLMNKDGVLISEGQGFMTREFLKSLRKPFGDFMEPKFEFAVKFNALELDDSDLAIFIAVIILSGDRPGLLNVKPIEDIQDNLLQALELQLKLNHPESSQLFAKLLQKMTDLRQIVTEHVQLLQVIKKTETDMSLHPLLQEIYKDL
3up3_P_A,"P: 742, 743, 744, 745, 746, 748, 749, 750, 751, 752, 753, ",P: NALLRYLLDKDDT,"A: 497, 500, 501, 504, 509, 514, 515, 517, 518, 521, 522, 525, 676, 677, 680, 681, ",A: SYQLNAAELQALDLIQEAFKGMNDPMEQGRQATSFLKNEKSPADIMNIMDVTMRRFVKMAKRLPAFNDLSQDGKFALLKGGMIEMLTVRGVRRFDSSSGSWTTPTLGESSEVSINMFDQLNADVRSEQKMRFLQFFKIFHEDIRSNDLVISMIMLIVLFSPRDSITDPEDRRIIARHHEQFSALLNRYLESLYGDDAHQLNEQLPTALRMLREISASSGMLFLGTVNTSEAEPLPREFFKVE
3v2x_B_A,"B: 2, 3, 4, 5, 6, 7, 8, 9, 10, 11, ",B: LLPTLPKLPSL,"A: 151, 155, 158, 159, 179, 181, 183, 187, 188, 191, 192, 216, 220, 221, 224, 245, 247, 248, 249, 250, 253, 254, 257, 278, 287, ",A: GANSLSVHQLAAQGEMLYLATRIEQENVINHTDEEGFTPLMWAAAHGQIAVVEFLLQNGADPQLLGKGRESALSLACSKGYTDIVKMLLDCGVDVNEYDWNGGTPLLYAVHGNHVKCVKMLLESGADPTIETDSGYNSMDLAVALGYRSVQQVIESHLLKLLQNIK
3vtc_B_A,"B: 625, 626, 627, 628, 629, 630, 631, 632, 633, 634, 635, ",B: KNHPMLMNLLK,"A: 235, 238, 242, 247, 252, 255, 256, 259, 260, 412, 413, 416, 417, 419, 420, ",A: KLSEEQQHIIAILLDAHHKTYDPTYADFRDFRPPVRMSPLSMLPHLADLVSYSIQKVIGFAKMIPGFRDLTSDDQIVLLKSSAIEVIMLRSNQSFTMDDMSWDCGSQDYKYDVTDVSKAGHTLELIEPLIKFQVGLKKLNLHEEEHVLLMAICIVSPDRPGVQDAKLVEAIQDRLSNTLQTYIRCRHPPPGSHQLYAKMIQKLADLRSLNEEHSKQYRSLSFQPENSMKLTPLVLEVFGN
3w1b_B_A,"B: 486, 487, 488, 489, 492, 493, 494, 495, ",B: VPQWEVFFKR,"A: 10, 13, 14, 15, 18, 21, 22, 25, 41, 42, 45, 46, 48, 49, 52, 53, ",A: TSQTVASHVPFADLCSTLERIQKSKGRAEKIRHFREFLDSWRKFHDALHKNHVTDSFYPAMRLILPQLERERMAYGIKETMLAKLYIELLNLPRDGKDALKLLNYRTDFAMIAYFVLKPRCLQKGSLTIQQVNDLLDSIASNNSAKRKDLIKKSLLQLITQSSALEQKWLIRMIIKDLKLGVSQQTIFSVFHNDAAELHNVTTDLEKVCRQLHDPSVGLSDISITLFSAFKPMLAAIADIEHIEKDMKHQSFYIETKLDGERMQMHKDGDVYKYFSRNGYNYTDQFGASPTEGSLTPFIHNAFKADIQICILDGEMMAYNPNTQTFMQKGTKFDIKRMVEDSDLQTCYCVFDVLMVNNKKLGHETLRKRYEILSSIFTPIPGRIEIVQKTQAHTKNEVIDALNEAIDKREEGIMVKQPLSIYKPDKRGEGWLKIKPEYVSGLMDELDILIVGGYWGKGSRGGMMSHFLCAVAEKPPPGEKPSVFHTLSRVGSGCTMKELYDLGLKLAKYWKPFHRKAPPSSILCGTEKPEVYIEPCNSVIVQIKAAEIVPSDMYKTGCTLRFPRIEKIRDDKEWHECMTLDDLEQLRGK
3zqh_C_A,"C: 9, 11, 12, 13, 14, 15, ",C: SRVVVWRLPPLH,"A: 57, 60, 64, 67, 82, 86, 103, 104, 105, 109, 113, 116, 131, 134, 135, 137, 138, 139, 142, ",A: SRLDKSKVINSALELLNEVGIEGLTTRKLAQKLGVEQPTLYWHVKNKRALLDALAIEMLDRHHTHFSPLEGESWQDFLRNNAKSFRNALLSHRDGAKVHLGTRPTEKQYETLENQLAFLTQQGFSLENALYALSAVGHFTLGSVLEDQEHQVAKEERETPTTDSMPPLLRQAIELFDHQGAEPAFLHGLESLIRGFEVQLTALL
4b4n_B_A,"B: 322, 323, 324, 325, 326, 327, 328, 329, 330, 331, 332, 333, 334, ",B: PVLFPGQPFGQPPLG,"A: 53, 56, 57, 66, 67, 69, 70, 73, 74, 77, 101, 102, 105, 106, 107, 108, 130, ",A: PIVQNLQGQMVHQAISPRTLNAWVKVVEEKAFSPEVIPMFSALSEGATPQDLNTMLNTVGGHQAAMQMLKETINEEAAEWDRLHPVREPRGSDIAGTTSTLQEQIGWMTHNPPIPVGEIYKRWIILGLNKIVRMYS
4dcb_F_A,"F: 557, 558, 559, 560, 561, 562, 563, 564, 566, ",F: KCPGRVVGGCK,"A: 31, 40, 41, 43, 82, 84, 86, 88, 97, 99, 101, 150, 151, 159, 165, 166, 208, 210, 211, ",A: LIPNISPDSFTVAASTGMLSGKSHEMLYDAETGRKISQLDWKIKNVAILKGDISWDPYSFLTLNARGWTSLASGSGNMDNYDWMNENQSEWTDHSSHPATNVNHANEYDLNVKGWLLQDENYKAGITAGYQETRFSWTATGGSYSYNNGAYTGNFPKGVRVIGYNQRFSMPYIGLAGQYRINDFELNALFKFSDWVRAHDNDEHYMRDLTFREKTSGSRYYGTVINAGYYVTPNAKVFAEFTYSKYDEGKGGTQTIDAAGISNKNYTVTAGLQYRFG
4e34_C_A,"C: 4, 5, 6, 7, 8, 9, 10, ",C: ANSRWPTSII,"A: 298, 299, 300, 301, 302, 303, 304, 305, 309, 311, 314, 316, 319, 349, 353, 356, 357, ",A: GPIRKVLLLKEDHEGLGISITGGKEHGVPILISEIHPGQPADRCGGLHVGDAILAVNGVNLRDTKHKEAVTILSQQRGEIEFEVVYV
4eik_B_A,"B: 3, 4, 5, 6, 7, 8, 9, 10, 11, 12, ",B: SLARRPLPPLP,"A: 91, 92, 93, 96, 97, 99, 100, 116, 117, 118, 119, 132, 134, 135, 136, 137, ",A: VTLFVALYDYEARTEDDLSFHKGEKFQILNSSEGDWWEARSLTTGETGYIPSNYVAPV
4ery_D_A,"D: 4703, 4704, 4706, 4707, 4708, 4709, 4710, 4711, 4712, 4713, 4714, ",D: VNPTGCARSEPKMS,"A: 46, 47, 49, 64, 65, 88, 89, 90, 91, 92, 107, 131, 133, 134, 149, 175, 191, 216, 218, 234, 259, 260, 261, 262, 263, 305, 321, 322, ",A: VKPNYALKFTLAGHTKAVSSVKFSPNGEWLASSSADKLIKIWGAYDGKFEKTISGHKLGISDVAWSSDSNLLVSASDDKTLKIWDVSSGKCLKTLKGHSNYVFCCNFNPQSNLIVSGSFDESVRIWDVKTGKCLKTLPAHSDPVSAVHFNRDGSLIVSSSYDGLCRIWDTASGQCLKTLIDDDNPPVSFVKFSPNGKYILAATLDNTLKLWDYSKGKCLKTYTGHKNEKYCIFANFSVTGGKWIVSGSEDNLVYIWNLQTKEIVQKLQGHTDVVISTACHPTENIIASAALENDKTIKLWKSDC
4f14_B_A,"B: 2245, 2246, 2247, 2248, 2249, 2250, 2251, 2252, 2254, ",B: PPPTLPKPKLP,"A: 963, 964, 965, 969, 971, 972, 987, 988, 989, 990, 991, 993, 1004, 1006, 1008, 1009, ",A: TYRAMYDYSAQDEDEVSFRDGDYIVNVQPIDDGWMYGTVQRTGRTGMLPANYIEFV
4f1z_Q_A,"Q: 8, 9, 10, 11, 12, 13, 14, 15, 16, 17, 18, 19, 20, ",Q: YGGGSSGGGSSGGG,"A: 233, 234, 235, 236, 267, 268, 269, 270, 271, 273, 280, 281, 282, 283, 326, 328, 331, 366, 376, 377, 378, 383, 446, 519, 520, 521, 522, 523, 524, 525, 526, 527, 528, 529, 530, 531, ",A: AKGTNVNDKVTASDFKLEKTAFDPNQSGNTFMAANFKVTGQVKSGDYFTAKLPDSVTGNGDVDYSNSNNTMPIADIKSTNGDVVAKATYDILTKTYTFVFTDYVNDKENINGQFSLPLFTDRAKAPKSGTYDANINIADEMFDNKITYNYSSPIAGIDKPNGANISSQIIGVDTASGQNTYKQTVFVNPKQRVLGNTWVYIKGYQDKIEESSGKVSATDTKLRIFEVNDTSKLSDSYYADPNDSNLKEVTGEFKDKISYKYDNVASINFGDINKTYVVLVEGHYDNTGKNLKTQVIQENIDPATGKDYSIFGWNNENVVRYG
4gq6_B_A,"B: 4, 5, 6, 7, 8, 9, 10, 11, 12, 13, 14, ",B: SARWRFPARPGT,"A: 135, 136, 137, 138, 139, 153, 154, 155, 177, 178, 179, 180, 181, 182, 238, 241, 242, 244, 246, 247, 248, 249, 276, 278, 279, 282, 285, 319, 322, 323, 359, 363, ",A: GLKAAQKTLFPLRSIDDVVRLFAAELGREEPDLVLLSLVLGFVEHFLAVNRVGLTYFPVADLSIIAALYARFTAQIRGAVDLSLYPREGGVSSRELVKKVSDVIWNSLSRSYFKDRAHIQSLFSFITGTKLDSSGVAFAVVGACQALGLRDVHLALSEDHAWVVFGPNGEQTAEVTWHGKGNEDRRGQTVNAGVAERSWLYLKGSYMRCDRKMEVAFMVCAINPSIDLHTDSLELLQLQQKLLWLLYDLGHLERYPMALGNLADLEELEPTPGRPDPLTLYHKGIASAKTYYRDEHIYPYMYLAGYHCRNRNVREALQAWADTATVIQDYNYCREDEEIYKEFFEVANDVIPNLLKEAASLLEAGSQGSALQDPECFAHLLRFYDGICKWEEGSPTPVLHVGWATFLVQSLGRFEGQVRQKVRIVSVPVLTFQSEKMKGMKELLVATKINSSAIKLQLTAQSQVQMK
4gxl_B_A,"B: 371, 372, 373, 374, 375, 376, 377, 378, 379, 380, ",B: NPGLAYGNPYS,"A: 242, 244, 246, 308, 310, 312, 314, 321, 322, 323, 325, 326, 327, 328, 329, 330, 355, 357, 359, ",A: SSGENLYFQHMPFAARLNTPMGPGRTVVVKGEVNANAKSFNVDLLAGKSKDIALHLNPRLNIKAFVRNSFLQESWGEEERNITSFPFSPGMYFEMIIYCDVREFKVAVNGVHSLEYKHRFKELSSIDTLEINGDIHLLEVRSW
4gyw_D_C,"D: 13, 14, 17, 18, 19, 20, 21, 22, 23, 24, 25, 26, ",D: YPGGSTPVSSANMM,"C: 396, 431, 492, 493, 494, 495, 496, 498, 499, 517, 557, 558, 559, 562, 631, 632, 633, 634, 635, 636, 638, 654, 801, 805, 809, 839, 841, 868, 894, 895, 896, 897, ",C: AVRLYRKALEVFPEFAAAHSNLASVLQQQGKLQEALMHYKEAIRISPTFADAYSNMGNTLKEMQDVQGALQCYTRAIQINPAFADAHSNLASIHKDSGNIPEAIASYRTALKLKPDFPDAYCNLAHCLQIVCDWTDYDERMKKLVSIVADQLEKNRLPSVHPHHSMLYPLSHGFRKAIAERHGNLCLDKINVLHKPPYEHPKDLKLSDGRLRVGYVSSDFGNHPTSHLMQSIPGMHNPDKFEVFCYALSPDDGTNFRVKVMAEANHFIDLSQIPCNGKAADRIHQDGIHILVNMNGYTKGARNELFALRPAPIQAMWLGYPGTSGALFMDYIITDQETSPAEVAEQYSEKLAYMPHTFFIGDHANMFPHLKKKAVIDFKHIYDNRIVLNGIDLKAFLDSLPDVKIVKMNMPVIPMNTIAEAVIEMINRGQIQITINGFSISNGLATTQINNKAATGEEVPRTIIVTTRSQYGLPEDAIVYCNFNQLYKIDPSTLQMWANILKRVPNSVLWLLRFPAVGEPNIQQYAQNMGLPQNRIIFSPVAPKEEHVRRGQLADVCLDTPLCNGHTTGMDVLWAGTPMVTMPGETLASRVAASQLTCLGCLELIAKNRQEYEDIAVKLGTDLEYLKKVRGKVWKQRISSPLFNTKQYTMELERLYLQMWEHYAAGNKPDHMIK
4h4f_Q_A,"Q: 1, 2, 3, 4, 5, 6, 7, 8, 9, 10, ",Q: CGVPSFPPNL,"A: 20, 23, 24, 25, 26, 27, 28, 29, 115, 116, 117, 119, 120, 121, 122, 137, 157, 202, 205, 206, 207, ",A: VVGGEDARPHSWPWQISLQYLKNDTWRHTCGGTLIASNFVLTAAHCISNTRTYRVAVGKNNLEVEDEEGSLFVGVDTIHVHKRWNALLLRNDIALIKLAEHVELSDTIQVACLPEKDSLLPKDYPCYVTGWGRLWTNGPIADKLQQGLQPVVDHATCSRIDWWGFRVKKTMVCAGGDGVISACNGDSGGPLNCQLENGSWEVFGIVSFGSRRGCNTRKKPVVYTRVSAYIDWINEKMQL
4hom_B_A,"B: 1, 2, 3, 4, 5, 6, 7, 8, 9, 10, 11, ",B: RPKPQQFFGLM,"A: 206, 208, 346, 347, 348, 349, 350, 375, 379, 380, 383, 384, 406, 410, 413, 414, 429, 430, 432, 433, 434, 436, 437, 439, 440, 441, 444, 467, 468, 469, 472, 473, 564, 660, 664, 667, 689, 693, 694, 697, 698, ",A: QSKPWNRYRLPTTLLPDSYNVTLRPYLTPNADGLYIFKGKSIVRFLCQEPTDVIIIHSKKLNYTTQGHMVVLRGVGDSQVPEIDRTELVELTEYLVVHLKGSLQPGHMYEMESEFQGELADDLAGFYRSEYMEGNVKKVLATTQMQSTDARKSFPCFDEPAMKATFNITLIHPNNLTALSNMPPKGSSTPLAEDPNWSVTEFETTPVMSTYLLAYIVSEFQSVNETAQNGVLIRIWARPNAIAEGHGMYALNVTGPILNFFANHYNTSYPLPKSDQIALPDFNAGAMENWGLVTYRENALLFDPQSSSISNKERVVTVIAHELAHQWFGNLVTLAWWNDLWLNEGFASYVEYLGADHAEPTWNLKDLIVPGDVYRVMAVDALASSHPLTTPAEEVNTPAQISEMFDSISYSKGASVIRMLSNFLTEDLFKEGLASYLHAFAYQNTTYLDLWEHLQKAVDAQTSIRLPDTVRAIMDRWTLQMGFPVITVDTKTGNISQKHFLLDSESNVTRSSAFDYLWIVPISSIKNGVMQDHYWLRDVSQAQNDLFKTASDDWVLLNVNVTGYFQVNYDEDNWRMIQHQLQTNLSVIPVINRAQVIYDSFNLATAHMVPVTLALDNTLFLNGEKEYMPWQAALSSLSYFSLMFDRSEVYGPMKKYLRKQVEPLFQHFETLTKNWTERPENLMDQYSEINAISTACSNGLPQCENLAKTLFDQWMSDPENNPIHPNLRSTIYCNAIAQGGQDQWDFAWGQLQQAQLVNEADKLRSALACSNEVWLLNRYLGYTLNPDLIRKQDATSTINSIASNVIGQPLAWDFVQSNWKKLFQDYGGGSFSFSNLIQGVTRRFSSEFELQQLEQFKKNNMDVGFGSGTRALEQALEKTKANIKWVKENKEVVLNWFIEHSS
4htp_C_A,"C: 485, 486, 487, 488, 489, 492, 493, 494, ",C: DVPQWEVFFK,"A: 13, 14, 15, 18, 22, 25, 41, 42, 45, 46, 48, 49, 52, 53, ",A: SQTVASHVPFADLCSTLERIQKSKGRAEKIRHFREFLDSWRKFHDALHKNHKDVTDSFYPAMRLILPQLERERMAYGIKETMLAKLYIELLNLPRDGKDALKLLNYGDFAMIAYFVLKPRCLQKGSLTIQQVNDLLDSIASNNSAKRKDLIKKSLLQLITQSSALEQKWLIRMIIKDLKLGVSQQTIFSVFHNDAAELHNVTTDLEKVCRQLHDPSVGLSD
4iim_C_A,"C: 2001, 2002, 2004, 2005, 2006, 2007, 2009, 2010, 2011, 2012, ",C: WRDSSGYVMGPW,"A: 928, 930, 931, 943, 944, 946, 948, 949, 951, 958, 960, ",A: LLQAQALYPWRAKKDNHLNFNKNDVITVLEQQDMWWFGEVQGQKGWFPKSYVKLISA
4j8s_B_A,"B: 314, 315, 316, 317, 318, 319, 321, 322, 323, 324, 325, ",B: RRLPIFNRISVS,"A: 816, 818, 825, 835, 838, 839, 842, 843, 846, 847, 880, 884, 885, 887, 888, 891, 894, 895, 896, 899, ",A: QQTDLSQVWPEANQHFSKEIDDEANSYFQRIYNHPPHPTMSVDEVLEMLQRFKDSTIKREREVFNCMLRNLFEEYRFFPQYPDKELHITACLFGGIIEKGLVTYMALGLALRYVLEALRKPFGSKMYYFGIAALDRFKNRLKDYPQYCQHLASISHFMQFPHHLQEYIEYGQQSRDPPVK
4k0u_B_A,"B: 1, 2, 3, 4, 5, 6, 7, 9, 10, 12, 13, 14, ",B: RTFRQVQSSISDFYD,"A: 42, 45, 46, 47, 49, 50, 53, 79, 83, 85, 100, 103, 104, 107, 109, 113, 114, 117, 118, 121, 122, 124, 125, ",A: VPANEQISQLASLVAASKYLRVQCERSDLPDDGTILKTAVNVAVQKGWDTGRYQSLPQLSENLYQGLLKDGTPKATQCSSFNRTMTPFLDAMRTV
